보안등위치명,설치개수,소재지도로명주소,소재지지번주소,위도,경도,설치년도,설치형태,관리기관전화번호,관리기관명,데이터기준일자
"서초1동",1,서울특별시 서초구 남부순환로337가길 51-9,서울특별시 서초구 서초1동 1434-2,37.484451,127.0236746,2009,한전주,02-2155-6996,서초구청,2019-06-05
"서초1동",1,서울특별시 서초구 남부순환로337가길 43-8,서울특별시 서초구 서초1동 1434-6,37.4842678,127.0234169,2009,한전주,02-2155-6996,서초구청,2019-06-05
"서초1동",1,서울특별시 서초구 남부순환로337가길 33,서울특별시 서초구 서초1동 1434-12,37.483933,127.0235705,2009,한전주,02-2155-6996,서초구청,2019-06-05
"서초1동",1,서울특별시 서초구 남부순환로337가길 21,서울특별시 서초구 서초1동 1436-10,37.4838783,127.0228476,2009,전용주,02-2155-6996,서초구청,2019-06-05
"서초1동",1,서울특별시 서초구 효령로70길 36-25,서울특별시 서초구 서초1동 1435-6,37.4848812,127.0239426,2009,한전주,02-2155-6996,서초구청,2019-06-05
"서초1동",1,서울특별시 서초구 남부순환로337가길 51-6,서울특별시 서초구 서초1동 1435-2,37.4845998,127.0240153,2009,전용주,02-2155-6996,서초구청,2019-06-05
"서초1동",1,서울특별시 서초구 남부순환로337가길 51-6,서울특별시 서초구 서초1동 1435-2,37.4845998,127.0240153,2009,전용주,02-2155-6996,서초구청,2019-06-05
"서초1동",1,서울특별시 서초구,서울특별시 서초구 서초1동 1420-1,,,2009,한전주,02-2155-6996,서초구청,2019-06-05
"서초1동",1,서울특별시 서초구,서울특별시 서초구 서초1동 1420-5,,,2009,한전주,02-2155-6996,서초구청,2019-06-05
"서초1동",1,서울특별시 서초구,서울특별시 서초구 서초1동 1421,,,2009,한전주,02-2155-6996,서초구청,2019-06-05
"서초1동",1,서울특별시 서초구 남부순환로337가길 26,서울특별시 서초구 서초1동 1422-1,37.4835834,127.0229238,2009,전용주,02-2155-6996,서초구청,2019-06-05
"서초1동",1,서울특별시 서초구 남부순환로 2493,서울특별시 서초구 서초1동 1422-5,37.4833003,127.0229083,2009,건축물,02-2155-6996,서초구청,2019-06-05
"서초1동",1,서울특별시 서초구 남부순환로 2497,서울특별시 서초구 서초1동 1422-7,37.4835065,127.0235422,2009,한전주,02-2155-6996,서초구청,2019-06-05
"서초1동",1,서울특별시 서초구 남부순환로 2497,서울특별시 서초구 서초1동 1422-7,37.4835065,127.0235422,2009,한전주,02-2155-6996,서초구청,2019-06-05
"서초1동",1,서울특별시 서초구 남부순환로337가길 69,서울특별시 서초구 서초1동 1435-16,37.4850523,127.0244707,2009,한전주,02-2155-6996,서초구청,2019-06-05
"서초1동",1,서울특별시 서초구 남부순환로 2481,서울특별시 서초구 서초1동 1423-1,37.4832927,127.0220988,2009,한전주,02-2155-6996,서초구청,2019-06-05
"서초1동",1,서울특별시 서초구 남부순환로 2481,서울특별시 서초구 서초1동 1423-1,37.4832927,127.0220988,2009,한전주,02-2155-6996,서초구청,2019-06-05
"서초1동",1,서울특별시 서초구 남부순환로 2481,서울특별시 서초구 서초1동 1423-2,37.4832927,127.0220988,2009,한전주,02-2155-6996,서초구청,2019-06-05
"서초1동",1,서울특별시 서초구 남부순환로 2481,서울특별시 서초구 서초1동 1423-1,37.4832927,127.0220988,2009,한전주,02-2155-6996,서초구청,2019-06-05
"서초1동",1,서울특별시 서초구 남부순환로333길 2,서울특별시 서초구 서초1동 1424-1,37.4828934,127.0205595,2009,전용주,02-2155-6996,서초구청,2019-06-05
"서초1동",1,서울특별시 서초구 남부순환로 2477,서울특별시 서초구 서초1동 1424-2,37.4831648,127.021223,2009,전용주,02-2155-6996,서초구청,2019-06-05
"서초1동",1,서울특별시 서초구 남부순환로 2477,서울특별시 서초구 서초1동 1424-2,37.4831648,127.021223,2009,전용주,02-2155-6996,서초구청,2019-06-05
"서초1동",1,서울특별시 서초구 남부순환로333길 16,서울특별시 서초구 서초1동 1429-1,37.4833491,127.0203059,2009,한전주,02-2155-6996,서초구청,2019-06-05
"서초1동",1,서울특별시 서초구 남부순환로333길 22,서울특별시 서초구 서초1동 1429-3,37.4835706,127.0206151,2009,한전주,02-2155-6996,서초구청,2019-06-05
"서초1동",1,서울특별시 서초구 남부순환로335길 21,서울특별시 서초구 서초1동 1432-1,37.4837044,127.0209944,2009,한전주,02-2155-6996,서초구청,2019-06-05
"서초1동",1,서울특별시 서초구 남부순환로333길 36,서울특별시 서초구 서초1동 1431-1,37.4839977,127.0210561,2009,한전주,02-2155-6996,서초구청,2019-06-05
"서초1동",1,서울특별시 서초구 남부순환로333길 50,서울특별시 서초구 서초1동 1431-11,37.4843995,127.0215902,2009,전용주,02-2155-6996,서초구청,2019-06-05
"서초1동",1,서울특별시 서초구 남부순환로333길 56,서울특별시 서초구 서초1동 1431-13,37.4845971,127.0218364,2009,전용주,02-2155-6996,서초구청,2019-06-05
"서초1동",1,서울특별시 서초구 남부순환로339길 33,서울특별시 서초구 서초1동 1431-14,37.4843826,127.0219353,2009,한전주,02-2155-6996,서초구청,2019-06-05
"서초1동",1,서울특별시 서초구 남부순환로335길 35,서울특별시 서초구 서초1동 1431-7,37.4840719,127.0215176,2009,한전주,02-2155-6996,서초구청,2019-06-05
"서초1동",1,서울특별시 서초구 남부순환로337길 20,서울특별시 서초구 서초1동 1431-15,37.4838196,127.0213061,2009,한전주,02-2155-6996,서초구청,2019-06-05
"서초1동",1,서울특별시 서초구 남부순환로337가길 3-3,서울특별시 서초구 서초1동 1432-3,37.4836942,127.0216107,2009,한전주,02-2155-6996,서초구청,2019-06-05
"서초1동",1,서울특별시 서초구 남부순환로335길 42,서울특별시 서초구 서초1동 1432-16,,,2009,전용주,02-2155-6996,서초구청,2019-06-05
"서초1동",1,서울특별시 서초구 남부순환로337가길 11-6,서울특별시 서초구 서초1동 1432-18,37.4837721,127.0222022,2009,전용주,02-2155-6996,서초구청,2019-06-05
"서초1동",1,서울특별시 서초구 남부순환로333길 10,서울특별시 서초구 서초1동 1429-8,37.483132,127.0204241,2009,한전주,02-2155-6996,서초구청,2019-06-05
"서초1동",1,서울특별시 서초구 남부순환로335길 13,서울특별시 서초구 서초1동 1429-7,37.4833837,127.0206831,2009,전용주,02-2155-6996,서초구청,2019-06-05
"서초1동",1,서울특별시 서초구 남부순환로337가길 11-3,서울특별시 서초구 서초1동 1432-11,37.4837566,127.0219695,2009,한전주,02-2155-6996,서초구청,2019-06-05
"서초1동",1,서울특별시 서초구 효령로68길 81,서울특별시 서초구 서초1동 1444-7,37.4849592,127.0201944,2009,한전주,02-2155-6996,서초구청,2019-06-05
"서초1동",1,서울특별시 서초구 효령로68길 81,서울특별시 서초구 서초1동 1442-2,37.4849592,127.0201944,2009,한전주,02-2155-6996,서초구청,2019-06-05
"서초1동",1,서울특별시 서초구 효령로68길 81,서울특별시 서초구 서초1동 1444-7,37.4849592,127.0201944,2009,한전주,02-2155-6996,서초구청,2019-06-05
"서초1동",1,서울특별시 서초구 효령로68길 81,서울특별시 서초구 서초1동 1444-7,37.4849592,127.0201944,2009,한전주,02-2155-6996,서초구청,2019-06-05
"서초1동",1,서울특별시 서초구 효령로68길 81,서울특별시 서초구 서초1동 1444-7,37.4849592,127.0201944,2009,한전주,02-2155-6996,서초구청,2019-06-05
"서초1동",1,서울특별시 서초구 효령로68길 81,서울특별시 서초구 서초1동 1444-19,37.4849592,127.0201944,2009,한전주,02-2155-6996,서초구청,2019-06-05
"서초1동",1,서울특별시 서초구 남부순환로 2457,서울특별시 서초구 서초1동 1425-2,37.4827058,127.0191169,2009,한전주,02-2155-6996,서초구청,2019-06-05
"서초1동",1,서울특별시 서초구 남부순환로331길 6-14,서울특별시 서초구 서초1동 1425-3,37.4830262,127.0194022,2009,한전주,02-2155-6996,서초구청,2019-06-05
"서초1동",1,서울특별시 서초구 남부순환로331길 6-24,서울특별시 서초구 서초1동 1425-2,37.4832452,127.019734,2009,한전주,02-2155-6996,서초구청,2019-06-05
"서초1동",1,서울특별시 서초구 서초중앙로2길 10,서울특별시 서초구 서초1동 1426-5,37.4829684,127.0183616,2009,한전주,02-2155-6996,서초구청,2019-06-05
"서초1동",1,서울특별시 서초구 서초중앙로2길 34,서울특별시 서초구 서초1동 1427-3,37.4837802,127.0192679,2009,한전주,02-2155-6996,서초구청,2019-06-05
"서초1동",1,서울특별시 서초구 서초중앙로2길 42,서울특별시 서초구 서초1동 1427-6,37.4839419,127.0197658,2009,한전주,02-2155-6996,서초구청,2019-06-05
"서초1동",1,서울특별시 서초구 남부순환로333길 15-5,서울특별시 서초구 서초1동 1427-7,37.4835999,127.0198074,2009,한전주,02-2155-6996,서초구청,2019-06-05
"서초1동",1,서울특별시 서초구 서초중앙로2길 10,서울특별시 서초구 서초1동 1426-5,37.4829684,127.0183616,2009,한전주,02-2155-6996,서초구청,2019-06-05
"서초1동",1,서울특별시 서초구 서초중앙로2길 41,서울특별시 서초구 서초1동 1444-19,37.4843053,127.0196961,2009,한전주,02-2155-6996,서초구청,2019-06-05
"서초1동",1,서울특별시 서초구 효령로60길 23-4,서울특별시 서초구 서초1동 1444-14,37.4842638,127.0190196,2009,한전주,02-2155-6996,서초구청,2019-06-05
"서초1동",1,서울특별시 서초구 효령로60길 23-12,서울특별시 서초구 서초1동 1444-17,37.4844473,127.0195215,2009,한전주,02-2155-6996,서초구청,2019-06-05
"서초1동",1,서울특별시 서초구 효령로60길 23-13,서울특별시 서초구 서초1동 1444-8,37.4847098,127.0195622,2009,전용주,02-2155-6996,서초구청,2019-06-05
"서초1동",1,서울특별시 서초구 효령로68길 105,서울특별시 서초구 서초1동 1444-3,37.4850544,127.0191766,2009,한전주,02-2155-6996,서초구청,2019-06-05
"서초1동",1,서울특별시 서초구 서초중앙로2길 10,서울특별시 서초구 서초1동 1426-3,37.4829684,127.0183616,2009,한전주,02-2155-6996,서초구청,2019-06-05
"서초1동",1,서울특별시 서초구,서울특별시 서초구 서초1동 1445-15,,,2009,한전주,02-2155-6996,서초구청,2019-06-05
"서초1동",1,서울특별시 서초구,서울특별시 서초구 서초1동 1445-15,,,2009,한전주,02-2155-6996,서초구청,2019-06-05
"서초1동",1,서울특별시 서초구,서울특별시 서초구 서초1동 1445-15,,,2009,전용주,02-2155-6996,서초구청,2019-06-05
"서초1동",1,서울특별시 서초구,서울특별시 서초구 서초1동 1445-15,,,2009,한전주,02-2155-6996,서초구청,2019-06-05
"서초1동",1,서울특별시 서초구 남부순환로333길 49,서울특별시 서초구 서초1동 1430-6,37.4846445,127.0214728,2009,전용주,02-2155-6996,서초구청,2019-06-05
"서초1동",1,서울특별시 서초구 남부순환로333길 43,서울특별시 서초구 서초1동 1430-8,37.4843922,127.021138,2009,전용주,02-2155-6996,서초구청,2019-06-05
"서초1동",1,서울특별시 서초구 남부순환로337길 34,서울특별시 서초구 서초1동 1430-2,37.484235,127.020759,2009,한전주,02-2155-6996,서초구청,2019-06-05
"서초1동",1,서울특별시 서초구 남부순환로339길 49,서울특별시 서초구 서초1동 1442-11,37.4851001,127.0216388,2009,한전주,02-2155-6996,서초구청,2019-06-05
"서초1동",1,서울특별시 서초구 서초중앙로2길 72-3,서울특별시 서초구 서초1동 1442-6,37.4848524,127.0212202,2009,전용주,02-2155-6996,서초구청,2019-06-05
"서초1동",1,서울특별시 서초구 서초중앙로2길 74,서울특별시 서초구 서초1동 1442-13,37.484845,127.0210869,2009,전용주,02-2155-6996,서초구청,2019-06-05
"서초1동",1,서울특별시 서초구 서초중앙로2길 82,서울특별시 서초구 서초1동 1442-2,37.4851851,127.0211413,2009,한전주,02-2155-6996,서초구청,2019-06-05
"서초1동",1,서울특별시 서초구 남부순환로339길 65,서울특별시 서초구 서초1동 1439-12,37.485828,127.0211962,2009,한전주,02-2155-6996,서초구청,2019-06-05
"서초1동",1,서울특별시 서초구 효령로68길 74,서울특별시 서초구 서초1동 1444-7,37.4856485,127.0207349,2009,한전주,02-2155-6996,서초구청,2019-06-05
"서초1동",1,서울특별시 서초구 효령로68길 104,서울특별시 서초구 서초1동 1443-28,37.4853024,127.0192039,2009,전용주,02-2155-6996,서초구청,2019-06-05
"서초1동",1,서울특별시 서초구 효령로68길 14,서울특별시 서초구 서초1동 1438-9,37.4866002,127.023693,2009,한전주,02-2155-6996,서초구청,2019-06-05
"서초1동",1,서울특별시 서초구 효령로 356,서울특별시 서초구 서초1동 1438-11,37.4864534,127.0230515,2009,전용주,02-2155-6996,서초구청,2019-06-05
"서초1동",1,서울특별시 서초구 효령로68길 30,서울특별시 서초구 서초1동 1438-12,37.4862184,127.0230659,2009,전용주,02-2155-6996,서초구청,2019-06-05
"서초1동",1,서울특별시 서초구 효령로68길 30,서울특별시 서초구 서초1동 1438-13,37.4862184,127.0230659,2009,전용주,02-2155-6996,서초구청,2019-06-05
"서초1동",1,서울특별시 서초구 효령로68길 30,서울특별시 서초구 서초1동 1438-12,37.4862184,127.0230659,2009,한전주,02-2155-6996,서초구청,2019-06-05
"서초1동",1,서울특별시 서초구 효령로66길 11,서울특별시 서초구 서초1동 1438-15,37.4862005,127.0227404,2009,한전주,02-2155-6996,서초구청,2019-06-05
"서초1동",1,서울특별시 서초구 효령로 356,서울특별시 서초구 서초1동 1438-1,37.4864534,127.0230515,2009,전용주,02-2155-6996,서초구청,2019-06-05
"서초1동",1,서울특별시 서초구 남부순환로339길 38,서울특별시 서초구 서초1동 1436-8,37.4851056,127.0222041,2009,전용주,02-2155-6996,서초구청,2019-06-05
"서초1동",1,서울특별시 서초구 남부순환로339길 38,서울특별시 서초구 서초1동 1436-8,37.4851056,127.0222041,2009,전용주,02-2155-6996,서초구청,2019-06-05
"서초1동",1,서울특별시 서초구 남부순환로339길 38,서울특별시 서초구 서초1동 1436-8,37.4851056,127.0222041,2009,전용주,02-2155-6996,서초구청,2019-06-05
"서초1동",1,서울특별시 서초구 남부순환로339길 38,서울특별시 서초구 서초1동 1436-8,37.4851056,127.0222041,2009,전용주,02-2155-6996,서초구청,2019-06-05
"서초1동",1,서울특별시 서초구 남부순환로339길 38,서울특별시 서초구 서초1동 1436-8,37.4851056,127.0222041,2009,전용주,02-2155-6996,서초구청,2019-06-05
"서초1동",1,서울특별시 서초구 효령로68길 59,서울특별시 서초구 서초1동 1441-1,37.4852798,127.0218015,2009,한전주,02-2155-6996,서초구청,2019-06-05
"서초1동",1,서울특별시 서초구,서울특별시 서초구 서초1동 1436,,,2009,한전주,02-2155-6996,서초구청,2019-06-05
"서초1동",1,서울특별시 서초구,서울특별시 서초구 서초1동 1436-2,,,2009,한전주,02-2155-6996,서초구청,2019-06-05
"서초1동",1,서울특별시 서초구,서울특별시 서초구 서초1동 1436-2,,,2009,전용주,02-2155-6996,서초구청,2019-06-05
"서초1동",1,서울특별시 서초구,서울특별시 서초구 서초1동 1436-14,,,2009,전용주,02-2155-6996,서초구청,2019-06-05
"서초1동",1,서울특별시 서초구 남부순환로339길 64,서울특별시 서초구 서초1동 1439-14,37.4858915,127.0215742,2009,한전주,02-2155-6996,서초구청,2019-06-05
"서초1동",1,서울특별시 서초구,서울특별시 서초구 서초1동 1440-3,,,2009,전용주,02-2155-6996,서초구청,2019-06-05
"서초1동",1,서울특별시 서초구 효령로68길 56,서울특별시 서초구 서초1동 1440-7,37.4855524,127.0219732,2009,전용주,02-2155-6996,서초구청,2019-06-05
"서초1동",1,서울특별시 서초구 효령로 366,서울특별시 서초구 서초1동 1437,37.4868601,127.0239621,2009,한전주,02-2155-6996,서초구청,2019-06-05
"서초1동",1,서울특별시 서초구 효령로 366,서울특별시 서초구 서초1동 1437,37.4868601,127.0239621,2009,한전주,02-2155-6996,서초구청,2019-06-05
"서초1동",2,서울특별시 서초구 남부순환로339길 64-11,서울특별시 서초구 서초1동 1439-2,37.4860109,127.0217286,2009,한전주,02-2155-6996,서초구청,2019-06-05
"서초1동",1,서울특별시 서초구 효령로 351,서울특별시 서초구 서초1동 1606-1,37.4869722,127.0223765,2009,한전주,02-2155-6996,서초구청,2019-06-05
"서초1동",1,서울특별시 서초구 서초중앙로8길 136,서울특별시 서초구 서초1동 1606-4,37.4873239,127.0229486,2009,한전주,02-2155-6996,서초구청,2019-06-05
"서초1동",1,서울특별시 서초구 서초중앙로8길 136,서울특별시 서초구 서초1동 1606-4,37.4873239,127.0229486,2009,한전주,02-2155-6996,서초구청,2019-06-05
"서초1동",1,서울특별시 서초구,서울특별시 서초구 서초1동 1606-5,,,2009,한전주,02-2155-6996,서초구청,2019-06-05
"서초1동",1,서울특별시 서초구 효령로67길 24,서울특별시 서초구 서초1동 1607-6,37.4882391,127.0234636,2009,전용주,02-2155-6996,서초구청,2019-06-05
"서초1동",1,서울특별시 서초구 효령로67길 24,서울특별시 서초구 서초1동 1607-1,37.4882391,127.0234636,2009,전용주,02-2155-6996,서초구청,2019-06-05
"서초1동",1,서울특별시 서초구,서울특별시 서초구 서초1동 1616-4,,,2009,한전주,02-2155-6996,서초구청,2019-06-05
"서초1동",1,서울특별시 서초구 효령로67길 20,서울특별시 서초구 서초1동 1607-6,37.4880096,127.0235005,2009,한전주,02-2155-6996,서초구청,2019-06-05
"서초1동",1,서울특별시 서초구 효령로67길 20,서울특별시 서초구 서초1동 1607-6,37.4880096,127.0235005,2009,전용주,02-2155-6996,서초구청,2019-06-05
"서초1동",1,서울특별시 서초구,서울특별시 서초구 서초1동 1616-10,,,2009,한전주,02-2155-6996,서초구청,2019-06-05
"서초1동",1,서울특별시 서초구,서울특별시 서초구 서초1동 1616-7,,,2009,한전주,02-2155-6996,서초구청,2019-06-05
"서초1동",1,서울특별시 서초구,서울특별시 서초구 서초1동 1607-1,,,2009,한전주,02-2155-6996,서초구청,2019-06-05
"서초1동",1,서울특별시 서초구 서리풀길 4,서울특별시 서초구 서초1동 1605-1,37.4867862,127.0211283,2009,한전주,02-2155-6996,서초구청,2019-06-05
"서초1동",1,서울특별시 서초구 서초중앙로8길 106,서울특별시 서초구 서초1동 1605-2,37.4868607,127.0214145,2009,한전주,02-2155-6996,서초구청,2019-06-05
"서초1동",1,서울특별시 서초구 효령로 349-5,서울특별시 서초구 서초1동 1605-4,37.4870032,127.0219837,2009,한전주,02-2155-6996,서초구청,2019-06-05
"서초1동",1,서울특별시 서초구 서리풀길 12,서울특별시 서초구 서초1동 1617-22,37.487381,127.0212506,2009,한전주,02-2155-6996,서초구청,2019-06-05
"서초1동",1,서울특별시 서초구 서리풀2길 20,서울특별시 서초구 서초1동 1617-26,37.4874987,127.0218653,2009,전용주,02-2155-6996,서초구청,2019-06-05
"서초1동",1,서울특별시 서초구 서리풀길 16,서울특별시 서초구 서초1동 1617-1,37.4877581,127.0208736,2009,전용주,02-2155-6996,서초구청,2019-06-05
"서초1동",1,서울특별시 서초구 서리풀4길 12,서울특별시 서초구 서초1동 1617-4,,,2009,한전주,02-2155-6996,서초구청,2019-06-05
"서초1동",1,서울특별시 서초구 서리풀4길 16,서울특별시 서초구 서초1동 1617-6,37.4880167,127.0216358,2009,한전주,02-2155-6996,서초구청,2019-06-05
"서초1동",1,서울특별시 서초구 서리풀2길 28,서울특별시 서초구 서초1동 1617-30,37.4875647,127.0224321,2009,한전주,02-2155-6996,서초구청,2019-06-05
"서초1동",1,서울특별시 서초구,서울특별시 서초구 서초1동 1617-14,,,2009,한전주,02-2155-6996,서초구청,2019-06-05
"서초1동",1,서울특별시 서초구,서울특별시 서초구 서초1동 1617-16,,,2009,전용주,02-2155-6996,서초구청,2019-06-05
"서초1동",1,서울특별시 서초구 서리풀2길 15,서울특별시 서초구 서초1동 1617-18,37.4877293,127.0215298,2009,건축물,02-2155-6996,서초구청,2019-06-05
"서초1동",1,서울특별시 서초구 서리풀2길 5,서울특별시 서초구 서초1동 1617-20,37.4876319,127.0210879,2009,전용주,02-2155-6996,서초구청,2019-06-05
"서초1동",1,서울특별시 서초구 서리풀길 14,서울특별시 서초구 서초1동 1617-21,37.487572,127.0209269,2009,한전주,02-2155-6996,서초구청,2019-06-05
"서초1동",1,서울특별시 서초구 서초중앙로8길 106,서울특별시 서초구 서초1동 1605-3,37.4868607,127.0214145,2009,한전주,02-2155-6996,서초구청,2019-06-05
"서초1동",1,서울특별시 서초구 서초중앙로8길 115,서울특별시 서초구 서초1동 1617-37,37.4872223,127.0218859,2009,전용주,02-2155-6996,서초구청,2019-06-05
"서초1동",1,서울특별시 서초구 서초중앙로8길 38-6,서울특별시 서초구 서초1동 1603-22,37.4867091,127.0173729,2009,한전주,02-2155-6996,서초구청,2019-06-05
"서초1동",1,서울특별시 서초구 서초중앙로8길 38-3,서울특별시 서초구 서초1동 1603-34,37.4869215,127.0176777,2009,한전주,02-2155-6996,서초구청,2019-06-05
"서초1동",1,서울특별시 서초구 서초중앙로8길 38-8,서울특별시 서초구 서초1동 1603-24,37.4865595,127.0173794,2009,전용주,02-2155-6996,서초구청,2019-06-05
"서초1동",1,서울특별시 서초구 서초중앙로8길 38-16,서울특별시 서초구 서초1동 1603-26,37.4863249,127.0175566,2009,한전주,02-2155-6996,서초구청,2019-06-05
"서초1동",1,서울특별시 서초구 서초중앙로8길 38-20,서울특별시 서초구 서초1동 1603-28,37.4860869,127.0177588,2009,한전주,02-2155-6996,서초구청,2019-06-05
"서초1동",1,서울특별시 서초구 서초중앙로8길 38-23,서울특별시 서초구 서초1동 1603-41,37.4864196,127.0181015,2009,한전주,02-2155-6996,서초구청,2019-06-05
"서초1동",1,서울특별시 서초구 서초중앙로8길 38-28,서울특별시 서초구 서초1동 1603-45,37.4862551,127.0184768,2009,한전주,02-2155-6996,서초구청,2019-06-05
"서초1동",1,서울특별시 서초구 서초중앙로8길 38-38,서울특별시 서초구 서초1동 1603-50,37.4868032,127.0184041,2009,한전주,02-2155-6996,서초구청,2019-06-05
"서초1동",1,서울특별시 서초구 효령로61길 15,서울특별시 서초구 서초1동 1603-53,37.4867156,127.0188134,2009,한전주,02-2155-6996,서초구청,2019-06-05
"서초1동",1,서울특별시 서초구 효령로61길 15,서울특별시 서초구 서초1동 1603-53,37.4867156,127.0188134,2009,한전주,02-2155-6996,서초구청,2019-06-05
"서초1동",1,서울특별시 서초구 효령로61길 15,서울특별시 서초구 서초1동 1603-53,37.4867156,127.0188134,2009,한전주,02-2155-6996,서초구청,2019-06-05
"서초1동",1,서울특별시 서초구 효령로 321,서울특별시 서초구 서초1동 1603-54,37.4860805,127.0191564,2009,전용주,02-2155-6996,서초구청,2019-06-05
"서초1동",1,서울특별시 서초구 서초중앙로8길 70,서울특별시 서초구 서초1동 1604-3,37.4869611,127.0191800,2009,한전주,02-2155-6996,서초구청,2019-06-05
"서초1동",1,서울특별시 서초구 서초중앙로8길 70,서울특별시 서초구 서초1동 1604-1,37.4869611,127.0191800,2009,전용주,02-2155-6996,서초구청,2019-06-05
"서초1동",1,서울특별시 서초구 서초중앙로8길 72,서울특별시 서초구 서초1동 1604-2,37.4868643,127.0194617,2009,한전주,02-2155-6996,서초구청,2019-06-05
"서초1동",1,서울특별시 서초구 효령로61길 14-6,서울특별시 서초구 서초1동 1604-8,37.4864537,127.0196072,2009,전용주,02-2155-6996,서초구청,2019-06-05
"서초1동",1,서울특별시 서초구 서초중앙로8길 82,서울특별시 서초구 서초1동 1604-7,37.4868803,127.0198674,2009,전용주,02-2155-6996,서초구청,2019-06-05
"서초1동",1,서울특별시 서초구 서초중앙로8길 82,서울특별시 서초구 서초1동 1604-7,37.4868803,127.0198674,2009,한전주,02-2155-6996,서초구청,2019-06-05
"서초1동",1,서울특별시 서초구,서울특별시 서초구 서초1동 1604-7,,,2009,한전주,02-2155-6996,서초구청,2019-06-05
"서초1동",1,서울특별시 서초구,서울특별시 서초구 서초1동 1604-9,,,2009,한전주,02-2155-6996,서초구청,2019-06-05
"서초1동",1,서울특별시 서초구,서울특별시 서초구 서초1동 1604-16,,,2009,한전주,02-2155-6996,서초구청,2019-06-05
"서초1동",1,서울특별시 서초구 서리풀길 1,서울특별시 서초구 서초1동 1604-18,37.4864621,127.0209426,2009,한전주,02-2155-6996,서초구청,2019-06-05
"서초1동",1,서울특별시 서초구 효령로 321,서울특별시 서초구 서초1동 1603-54,37.4860805,127.0191564,2009,한전주,02-2155-6996,서초구청,2019-06-05
"서초1동",1,서울특별시 서초구,서울특별시 서초구 서초1동 1621-1,,,2009,한전주,02-2155-6996,서초구청,2019-06-05
"서초1동",1,서울특별시 서초구 서초중앙로6길 5,서울특별시 서초구 서초1동 1621-6,37.4863259,127.0160471,2009,전용주,02-2155-6996,서초구청,2019-06-05
"서초1동",1,서울특별시 서초구,서울특별시 서초구 서초1동 1621-8,,,2009,전용주,02-2155-6996,서초구청,2019-06-05
"서초1동",1,서울특별시 서초구 서초중앙로8길 18,서울특별시 서초구 서초1동 1621-11,37.4865869,127.0165514,2009,한전주,02-2155-6996,서초구청,2019-06-05
"서초1동",1,서울특별시 서초구 서초중앙로8길 24,서울특별시 서초구 서초1동 1621-13,37.4866876,127.0168542,2009,한전주,02-2155-6996,서초구청,2019-06-05
"서초1동",1,서울특별시 서초구,서울특별시 서초구 서초1동 1603-2,,,2009,전용주,02-2155-6996,서초구청,2019-06-05
"서초1동",1,서울특별시 서초구 서초중앙로 42,서울특별시 서초구 서초1동 1603-1,37.4857289,127.0160956,2009,한전주,02-2155-6996,서초구청,2019-06-05
"서초1동",1,서울특별시 서초구 서초중앙로6길 18-2,서울특별시 서초구 서초1동 1603-21,37.4861877,127.0165464,2009,한전주,02-2155-6996,서초구청,2019-06-05
"서초1동",1,서울특별시 서초구 서초중앙로6길 18-3,서울특별시 서초구 서초1동 1603-73,37.4862773,127.0168064,2009,한전주,02-2155-6996,서초구청,2019-06-05
"서초1동",1,서울특별시 서초구 서초중앙로6길 26-3,서울특별시 서초구 서초1동 1603-82,37.4864278,127.0172477,2009,한전주,02-2155-6996,서초구청,2019-06-05
"서초1동",1,서울특별시 서초구 효령로 305,서울특별시 서초구 서초1동 1603-67,37.4854896,127.017554,2009,전용주,02-2155-6996,서초구청,2019-06-05
"서초1동",1,서울특별시 서초구 효령로57길 3,서울특별시 서초구 서초1동 1603-13,37.4853744,127.0166984,2009,전용주,02-2155-6996,서초구청,2019-06-05
"서초1동",1,서울특별시 서초구 효령로57길 4,서울특별시 서초구 서초1동 1603-66,37.4853746,127.0170523,2009,전용주,02-2155-6996,서초구청,2019-06-05
"서초1동",1,서울특별시 서초구 서초중앙로8길 12,서울특별시 서초구 서초1동 1621-10,37.4865075,127.0162188,2009,전용주,02-2155-6996,서초구청,2019-06-05
"서초1동",1,서울특별시 서초구 효령로67길 46,서울특별시 서초구 서초1동 1608-3,37.4891248,127.0231275,2009,전용주,02-2155-6996,서초구청,2019-06-05
"서초1동",1,서울특별시 서초구,서울특별시 서초구 서초1동 1608-4,,,2009,한전주,02-2155-6996,서초구청,2019-06-05
"서초1동",1,서울특별시 서초구,서울특별시 서초구 서초1동 1608-4,,,2009,한전주,02-2155-6996,서초구청,2019-06-05
"서초1동",1,서울특별시 서초구 효령로67길 49-5,서울특별시 서초구 서초1동 1615-1,37.4890057,127.0225682,2009,한전주,02-2155-6996,서초구청,2019-06-05
"서초1동",1,서울특별시 서초구,서울특별시 서초구 서초1동 1615-3,,,2009,한전주,02-2155-6996,서초구청,2019-06-05
"서초1동",1,서울특별시 서초구 효령로67길 49-5,서울특별시 서초구 서초1동 1615-1,37.4890057,127.0225682,2009,한전주,02-2155-6996,서초구청,2019-06-05
"서초1동",1,서울특별시 서초구 효령로67길 48,서울특별시 서초구 서초1동 1608-1,37.4892847,127.0230791,2009,한전주,02-2155-6996,서초구청,2019-06-05
"서초1동",1,서울특별시 서초구 서리풀6길 23,서울특별시 서초구 서초1동 1614-1,37.4888918,127.0216572,2009,전용주,02-2155-6996,서초구청,2019-06-05
"서초1동",1,서울특별시 서초구 사임당로20길 36,서울특별시 서초구 서초1동 1614-6,37.4891792,127.0219723,2009,전용주,02-2155-6996,서초구청,2019-06-05
"서초1동",1,서울특별시 서초구 사임당로20길 48,서울특별시 서초구 서초1동 1614-7,37.4888621,127.0223077,2009,한전주,02-2155-6996,서초구청,2019-06-05
"서초1동",1,서울특별시 서초구 사임당로20길 52,서울특별시 서초구 서초1동 1614-21,37.4887157,127.0224736,2009,전용주,02-2155-6996,서초구청,2019-06-05
"서초1동",1,서울특별시 서초구 사임당로20길 56-10,서울특별시 서초구 서초1동 1614-18,37.4886409,127.0220426,2009,전용주,02-2155-6996,서초구청,2019-06-05
"서초1동",1,서울특별시 서초구 서리풀6길 23,서울특별시 서초구 서초1동 1614-1,37.4888918,127.0216572,2009,한전주,02-2155-6996,서초구청,2019-06-05
"서초1동",1,서울특별시 서초구 서리풀6길 27,서울특별시 서초구 서초1동 1614-15,37.4886912,127.0218011,2009,한전주,02-2155-6996,서초구청,2019-06-05
"서초1동",1,서울특별시 서초구 사임당로20길 48-6,서울특별시 서초구 서초1동 1614-35,37.4889548,127.0220792,2009,전용주,02-2155-6996,서초구청,2019-06-05
"서초1동",1,서울특별시 서초구 사임당로20길 62,서울특별시 서초구 서초1동 1614-24,37.4883297,127.0226471,2009,전용주,02-2155-6996,서초구청,2019-06-05
"서초1동",1,서울특별시 서초구 사임당로20길 62,서울특별시 서초구 서초1동 1614-24,37.4883297,127.0226471,2009,전용주,02-2155-6996,서초구청,2019-06-05
"서초1동",1,서울특별시 서초구 서리풀4길 29,서울특별시 서초구 서초1동 1614-26,37.4882286,127.0224087,2009,한전주,02-2155-6996,서초구청,2019-06-05
"서초1동",1,서울특별시 서초구 서리풀4길 25,서울특별시 서초구 서초1동 1614-27,37.4883004,127.0220482,2009,한전주,02-2155-6996,서초구청,2019-06-05
"서초1동",1,서울특별시 서초구 서리풀4길 25,서울특별시 서초구 서초1동 1614-27,37.4883004,127.0220482,2009,한전주,02-2155-6996,서초구청,2019-06-05
"서초1동",1,서울특별시 서초구 사임당로20길 56-7,서울특별시 서초구 서초1동 1614-23,37.4884343,127.0223371,2009,전용주,02-2155-6996,서초구청,2019-06-05
"서초1동",1,서울특별시 서초구 서리풀6길 21-4,서울특별시 서초구 서초1동 1614-4,37.4890077,127.0217269,2009,전용주,02-2155-6996,서초구청,2019-06-05
"서초1동",1,서울특별시 서초구 사임당로20길 12,서울특별시 서초구 서초1동 1612-6,37.4891448,127.0208657,2009,전용주,02-2155-6996,서초구청,2019-06-05
"서초1동",1,서울특별시 서초구 사임당로20길 30,서울특별시 서초구 서초1동 1612-11,37.4894023,127.0217104,2009,한전주,02-2155-6996,서초구청,2019-06-05
"서초1동",1,서울특별시 서초구 서리풀6길 11,서울특별시 서초구 서초1동 1612-3,37.4889668,127.0209155,2009,전용주,02-2155-6996,서초구청,2019-06-05
"서초1동",1,서울특별시 서초구 서리풀길 26,서울특별시 서초구 서초1동 1613-1,37.4886552,127.0206177,2009,한전주,02-2155-6996,서초구청,2019-06-05
"서초1동",1,서울특별시 서초구 서리풀6길 10-4,서울특별시 서초구 서초1동 1613-9,37.488689,127.0207789,2009,전용주,02-2155-6996,서초구청,2019-06-05
"서초1동",1,서울특별시 서초구 서리풀6길 22,서울특별시 서초구 서초1동 1613-13,37.4888567,127.0213274,2009,전용주,02-2155-6996,서초구청,2019-06-05
"서초1동",1,서울특별시 서초구 서리풀6길 32,서울특별시 서초구 서초1동 1613-14,37.4885158,127.0215173,2009,전용주,02-2155-6996,서초구청,2019-06-05
"서초1동",1,서울특별시 서초구 서리풀4길 15-7,서울특별시 서초구 서초1동 1613-20,37.4884472,127.0212774,2009,건축물,02-2155-6996,서초구청,2019-06-05
"서초1동",1,서울특별시 서초구 서리풀4길 7-6,서울특별시 서초구 서초1동 1613-12,37.4883495,127.0211282,2009,전용주,02-2155-6996,서초구청,2019-06-05
"서초1동",1,서울특별시 서초구 서리풀4길 7,서울특별시 서초구 서초1동 1613-6,37.488136,127.0210281,2009,건축물,02-2155-6996,서초구청,2019-06-05
"서초1동",1,서울특별시 서초구 서리풀길 20,서울특별시 서초구 서초1동 1613-5,37.4880644,127.0207554,2009,전용주,02-2155-6996,서초구청,2019-06-05
"서초1동",1,서울특별시 서초구 서리풀길 22,서울특별시 서초구 서초1동 1613-3,37.4883041,127.0207523,2009,한전주,02-2155-6996,서초구청,2019-06-05
"서초1동",1,서울특별시 서초구 서리풀길 24,서울특별시 서초구 서초1동 1613-2,37.4884397,127.020703,2009,한전주,02-2155-6996,서초구청,2019-06-05
"서초1동",1,서울특별시 서초구 서리풀6길 15,서울특별시 서초구 서초1동 1612-5,37.4890865,127.0211186,2009,전용주,02-2155-6996,서초구청,2019-06-05
"서초1동",1,서울특별시 서초구 서리풀길 26,서울특별시 서초구 서초1동 1613-1,37.4886552,127.0206177,2009,한전주,02-2155-6996,서초구청,2019-06-05
"서초1동",1,서울특별시 서초구 서리풀6길 10-3,서울특별시 서초구 서초1동 1613-1,37.4887636,127.0209691,2009,전용주,02-2155-6996,서초구청,2019-06-05
"서초1동",1,서울특별시 서초구 서초중앙로8길 57-5,서울특별시 서초구 서초1동 1618-45,37.4873798,127.0184994,2009,전용주,02-2155-6996,서초구청,2019-06-05
"서초1동",1,서울특별시 서초구 서초중앙로8길 47,서울특별시 서초구 서초1동 1618-5,37.4872693,127.0181006,2009,한전주,02-2155-6996,서초구청,2019-06-05
"서초1동",1,서울특별시 서초구 사임당로14길 37,서울특별시 서초구 서초1동 1618-4,37.4874575,127.0180857,2009,한전주,02-2155-6996,서초구청,2019-06-05
"서초1동",1,서울특별시 서초구 서초중앙로8길 61-11,서울특별시 서초구 서초1동 1618-46,37.4876076,127.0188074,2009,한전주,02-2155-6996,서초구청,2019-06-05
"서초1동",1,서울특별시 서초구 서초중앙로8길 57-10,서울특별시 서초구 서초1동 1618-46,37.4875427,127.0187981,2009,전용주,02-2155-6996,서초구청,2019-06-05
"서초1동",1,서울특별시 서초구 서초중앙로8길 63,서울특별시 서초구 서초1동 1625-2,37.4873027,127.0189765,2009,전용주,02-2155-6996,서초구청,2019-06-05
"서초1동",1,서울특별시 서초구 서리풀3길 15,서울특별시 서초구 서초1동 1618-51,37.4876819,127.0190756,2009,전용주,02-2155-6996,서초구청,2019-06-05
"서초1동",1,서울특별시 서초구,서울특별시 서초구 서초1동 1618-64,,,2009,전용주,02-2155-6996,서초구청,2019-06-05
"서초1동",1,서울특별시 서초구 사임당로18길 52-5,서울특별시 서초구 서초1동 1618-61,37.4872873,127.0194086,2009,한전주,02-2155-6996,서초구청,2019-06-05
"서초1동",1,서울특별시 서초구 사임당로18길 54,서울특별시 서초구 서초1동 1618-61,37.4873008,127.0196165,2009,전용주,02-2155-6996,서초구청,2019-06-05
"서초1동",1,서울특별시 서초구 사임당로18길 58,서울특별시 서초구 서초1동 1618-62,37.4871632,127.0196523,2009,전용주,02-2155-6996,서초구청,2019-06-05
"서초1동",1,서울특별시 서초구 사임당로18길 53,서울특별시 서초구 서초1동 1618-62,37.4873492,127.0199144,2009,한전주,02-2155-6996,서초구청,2019-06-05
"서초1동",1,서울특별시 서초구 사임당로18길 45,서울특별시 서초구 서초1동 1618-57,37.4877153,127.0198418,2009,한전주,02-2155-6996,서초구청,2019-06-05
"서초1동",1,서울특별시 서초구 서초중앙로8길 89-17,서울특별시 서초구 서초1동 1618-18,37.4877169,127.0200306,2009,한전주,02-2155-6996,서초구청,2019-06-05
"서초1동",1,서울특별시 서초구,서울특별시 서초구 서초1동 1618-17,,,2009,한전주,02-2155-6996,서초구청,2019-06-05
"서초1동",1,서울특별시 서초구 서초중앙로8길 89-9,서울특별시 서초구 서초1동 1618-15,37.4873331,127.0201408,2009,한전주,02-2155-6996,서초구청,2019-06-05
"서초1동",1,서울특별시 서초구 서초중앙로8길 89-2,서울특별시 서초구 서초1동 1618-24,37.4870609,127.0204564,2009,전용주,02-2155-6996,서초구청,2019-06-05
"서초1동",1,서울특별시 서초구 서초중앙로8길 89-18,서울특별시 서초구 서초1동 1618-19,37.4877354,127.0203074,2009,한전주,02-2155-6996,서초구청,2019-06-05
"서초1동",1,서울특별시 서초구 서리풀길 9,서울특별시 서초구 서초1동 1618-25,37.4871995,127.0206548,2009,전용주,02-2155-6996,서초구청,2019-06-05
"서초1동",1,서울특별시 서초구 서초중앙로8길 51,서울특별시 서초구 서초1동 1618-6,37.4872872,127.018305,2009,전용주,02-2155-6996,서초구청,2019-06-05
"서초1동",1,서울특별시 서초구 사임당로14길 30,서울특별시 서초구 서초1동 1628-54,37.4878063,127.017777,2009,한전주,02-2155-6996,서초구청,2019-06-05
"서초1동",1,서울특별시 서초구 사임당로18길 50,서울특별시 서초구 서초1동 1618-55,,,2009,전용주,02-2155-6996,서초구청,2019-06-05
"서초1동",1,서울특별시 서초구 서초중앙로8길 57-11,서울특별시 서초구 서초1동 1618-7,37.4876559,127.0185388,2009,전용주,02-2155-6996,서초구청,2019-06-05
"서초1동",1,서울특별시 서초구,서울특별시 서초구 서초1동 1620,,,2009,전용주,02-2155-6996,서초구청,2019-06-05
"서초1동",1,서울특별시 서초구,서울특별시 서초구 서초1동 1623-3,,,2009,한전주,02-2155-6996,서초구청,2019-06-05
"서초1동",1,서울특별시 서초구,서울특별시 서초구 서초1동 1620-,,,2009,한전주,02-2155-6996,서초구청,2019-06-05
"서초1동",1,서울특별시 서초구,서울특별시 서초구 서초1동 1620-5,,,2009,전용주,02-2155-6996,서초구청,2019-06-05
"서초1동",1,서울특별시 서초구,서울특별시 서초구 서초1동 1620,,,2009,한전주,02-2155-6996,서초구청,2019-06-05
"서초1동",1,서울특별시 서초구,서울특별시 서초구 서초1동 1620-,,,2009,한전주,02-2155-6996,서초구청,2019-06-05
"서초1동",1,서울특별시 서초구,서울특별시 서초구 서초1동 1620-10,,,2009,전용주,02-2155-6996,서초구청,2019-06-05
"서초1동",1,서울특별시 서초구,서울특별시 서초구 서초1동 1620-,,,2009,한전주,02-2155-6996,서초구청,2019-06-05
"서초1동",1,서울특별시 서초구,서울특별시 서초구 서초1동 1620-,,,2009,전용주,02-2155-6996,서초구청,2019-06-05
"서초1동",1,서울특별시 서초구,서울특별시 서초구 서초1동 1620-,,,2009,한전주,02-2155-6996,서초구청,2019-06-05
"서초1동",1,서울특별시 서초구 사임당로10길 25,서울특별시 서초구 서초1동 1622-2,37.4874198,127.0162645,2009,전용주,02-2155-6996,서초구청,2019-06-05
"서초1동",1,서울특별시 서초구 사임당로8길 39,서울특별시 서초구 서초1동 1622-8,37.4869177,127.0160246,2009,전용주,02-2155-6996,서초구청,2019-06-05
"서초1동",1,서울특별시 서초구 서초중앙로 64,서울특별시 서초구 서초1동 1623-1,37.4873998,127.0151589,2009,전용주,02-2155-6996,서초구청,2019-06-05
"서초1동",1,서울특별시 서초구 서초중앙로 64,서울특별시 서초구 서초1동 1623-1,37.4873998,127.0151589,2009,한전주,02-2155-6996,서초구청,2019-06-05
"서초1동",1,서울특별시 서초구 서초중앙로 64,서울특별시 서초구 서초1동 1623-1,37.4873998,127.0151589,2009,전용주,02-2155-6996,서초구청,2019-06-05
"서초1동",1,서울특별시 서초구 서초중앙로 58,서울특별시 서초구 서초1동 1623-3,37.4871258,127.0155809,2009,한전주,02-2155-6996,서초구청,2019-06-05
"서초1동",1,서울특별시 서초구,서울특별시 서초구 서초1동 1623-7,,,2009,전용주,02-2155-6996,서초구청,2019-06-05
"서초1동",1,서울특별시 서초구 사임당로8길 10,서울특별시 서초구 서초1동 1624-3,37.488047,127.0153019,2009,한전주,02-2155-6996,서초구청,2019-06-05
"서초1동",1,서울특별시 서초구 서초중앙로12길 7,서울특별시 서초구 서초1동 1624-8,37.4876119,127.0153099,2009,한전주,02-2155-6996,서초구청,2019-06-05
"서초1동",1,서울특별시 서초구 사임당로10길 25,서울특별시 서초구 서초1동 1622-13,37.4874198,127.0162645,2009,전용주,02-2155-6996,서초구청,2019-06-05
"서초1동",1,서울특별시 서초구 사임당로10길 10,서울특별시 서초구 서초1동 1625-4,37.4881426,127.0159599,2009,한전주,02-2155-6996,서초구청,2019-06-05
"서초1동",1,서울특별시 서초구 사임당로 58,서울특별시 서초구 서초1동 1626-6,37.4885294,127.016423,2009,전용주,02-2155-6996,서초구청,2019-06-05
"서초1동",1,서울특별시 서초구 사임당로 58,서울특별시 서초구 서초1동 1626-14,37.4885294,127.016423,2009,한전주,02-2155-6996,서초구청,2019-06-05
"서초1동",1,서울특별시 서초구 서초중앙로12길 33-3,서울특별시 서초구 서초1동 1626-16,37.487988,127.0165533,2009,한전주,02-2155-6996,서초구청,2019-06-05
"서초1동",1,서울특별시 서초구 사임당로10길 15,서울특별시 서초구 서초1동 1626-12,,,2009,한전주,02-2155-6996,서초구청,2019-06-05
"서초1동",1,서울특별시 서초구 서초중앙로12길 19,서울특별시 서초구 서초1동 1625-7,37.4878038,127.0159565,2009,한전주,02-2155-6996,서초구청,2019-06-05
"서초1동",1,서울특별시 서초구 서초중앙로12길 37,서울특별시 서초구 서초1동 1626-10,37.488126,127.0169517,2009,한전주,02-2155-6996,서초구청,2019-06-05
"서초1동",1,서울특별시 서초구 사임당로14길 10,서울특별시 서초구 서초1동 1627-3,37.4886106,127.0173051,2009,전용주,02-2155-6996,서초구청,2019-06-05
"서초1동",1,서울특별시 서초구,서울특별시 서초구 서초1동 1627-4,,,2009,한전주,02-2155-6996,서초구청,2019-06-05
"서초1동",1,서울특별시 서초구,서울특별시 서초구 서초1동 1627-4,,,2009,전용주,02-2155-6996,서초구청,2019-06-05
"서초1동",1,서울특별시 서초구 사임당로12길 17,서울특별시 서초구 서초1동 1627-5,37.4881833,127.0171738,2009,한전주,02-2155-6996,서초구청,2019-06-05
"서초1동",1,서울특별시 서초구 사임당로 64,서울특별시 서초구 서초1동 1627-1,37.4886613,127.017007,2009,한전주,02-2155-6996,서초구청,2019-06-05
"서초1동",1,서울특별시 서초구 서초중앙로12길 35,서울특별시 서초구 서초1동 1626-10,37.4880285,127.0167643,2009,전용주,02-2155-6996,서초구청,2019-06-05
"서초1동",1,서울특별시 서초구 서초중앙로12길 35,서울특별시 서초구 서초1동 1626-11,37.4880285,127.0167643,2009,전용주,02-2155-6996,서초구청,2019-06-05
"서초1동",1,서울특별시 서초구 사임당로18길 22-20,서울특별시 서초구 서초1동 1628-48,37.4879978,127.0190296,2009,건축물,02-2155-6996,서초구청,2019-06-05
"서초1동",1,서울특별시 서초구 사임당로18길 38,서울특별시 서초구 서초1동 1628-75,37.4879641,127.0194145,2009,전용주,02-2155-6996,서초구청,2019-06-05
"서초1동",1,서울특별시 서초구 서리풀3길 14,서울특별시 서초구 서초1동 1628-51,37.4879267,127.0192522,2009,한전주,02-2155-6996,서초구청,2019-06-05
"서초1동",1,서울특별시 서초구 서리풀3길 20,서울특별시 서초구 서초1동 1628-54,37.4879494,127.018622,2009,전용주,02-2155-6996,서초구청,2019-06-05
"서초1동",1,서울특별시 서초구 사임당로14길 23-6,서울특별시 서초구 서초1동 1628-76,37.4881372,127.0181333,2009,전용주,02-2155-6996,서초구청,2019-06-05
"서초1동",1,서울특별시 서초구 서리풀3길 20-3,서울특별시 서초구 서초1동 1628-58,37.4880422,127.0182985,2009,한전주,02-2155-6996,서초구청,2019-06-05
"서초1동",1,서울특별시 서초구 서리풀3길 22,서울특별시 서초구 서초1동 1628-61,37.4878684,127.0183087,2009,전용주,02-2155-6996,서초구청,2019-06-05
"서초1동",1,서울특별시 서초구 서리풀3길 24,서울특별시 서초구 서초1동 1628-62,37.4878245,127.0181239,2009,한전주,02-2155-6996,서초구청,2019-06-05
"서초1동",1,서울특별시 서초구 사임당로14길 23-4,서울특별시 서초구 서초1동 1628-63,37.4880909,127.0179779,2009,한전주,02-2155-6996,서초구청,2019-06-05
"서초1동",1,서울특별시 서초구 사임당로18길 14,서울특별시 서초구 서초1동 1628-4,37.4889274,127.0189937,2009,한전주,02-2155-6996,서초구청,2019-06-05
"서초1동",1,서울특별시 서초구 사임당로18길 14,서울특별시 서초구 서초1동 1628-4,37.4889274,127.0189937,2009,한전주,02-2155-6996,서초구청,2019-06-05
"서초1동",1,서울특별시 서초구 사임당로 80,서울특별시 서초구 서초1동 1628-10,,,2009,전용주,02-2155-6996,서초구청,2019-06-05
"서초1동",1,서울특별시 서초구 사임당로 80-6,서울특별시 서초구 서초1동 1628-9,37.4892286,127.0186209,2009,한전주,02-2155-6996,서초구청,2019-06-05
"서초1동",1,서울특별시 서초구 사임당로 76,서울특별시 서초구 서초1동 1628-19,37.4892366,127.0181404,2009,전용주,02-2155-6996,서초구청,2019-06-05
"서초1동",1,서울특별시 서초구 사임당로16길 29,서울특별시 서초구 서초1동 1628-8,37.4889727,127.0182604,2009,전용주,02-2155-6996,서초구청,2019-06-05
"서초1동",1,서울특별시 서초구 사임당로16길 24,서울특별시 서초구 서초1동 1628-13,37.4888267,127.0185811,2009,한전주,02-2155-6996,서초구청,2019-06-05
"서초1동",1,서울특별시 서초구 사임당로16길 25,서울특별시 서초구 서초1동 1628-17,37.4887598,127.0183468,2009,전용주,02-2155-6996,서초구청,2019-06-05
"서초1동",1,서울특별시 서초구 사임당로16길 13,서울특별시 서초구 서초1동 1628-22,37.4887567,127.0181795,2009,한전주,02-2155-6996,서초구청,2019-06-05
"서초1동",1,서울특별시 서초구 사임당로16길 9,서울특별시 서초구 서초1동 1628-21,37.4888791,127.0181369,2009,한전주,02-2155-6996,서초구청,2019-06-05
"서초1동",1,서울특별시 서초구 사임당로 72,서울특별시 서초구 서초1동 1628-25,37.4891109,127.0177587,2009,전용주,02-2155-6996,서초구청,2019-06-05
"서초1동",1,서울특별시 서초구 사임당로18길 22-8,서울특별시 서초구 서초1동 1628-37,37.488546,127.0187477,2009,한전주,02-2155-6996,서초구청,2019-06-05
"서초1동",1,서울특별시 서초구 사임당로14길 15,서울특별시 서초구 서초1동 1628-29,37.4885257,127.0178162,2009,한전주,02-2155-6996,서초구청,2019-06-05
"서초1동",1,서울특별시 서초구 사임당로 70,서울특별시 서초구 서초1동 1628-26,37.4890469,127.0175481,2009,한전주,02-2155-6996,서초구청,2019-06-05
"서초1동",1,서울특별시 서초구,서울특별시 서초구 서초1동 1629-7,,,2009,한전주,02-2155-6996,서초구청,2019-06-05
"서초1동",1,서울특별시 서초구 서리풀길 35,서울특별시 서초구 서초1동 1629-8,37.4893486,127.0198012,2009,한전주,02-2155-6996,서초구청,2019-06-05
"서초1동",1,서울특별시 서초구 서리풀길 29-9,서울특별시 서초구 서초1동 1629-11,37.4889952,127.0196656,2009,건축물,02-2155-6996,서초구청,2019-06-05
"서초1동",1,서울특별시 서초구 서리풀길 31-3,서울특별시 서초구 서초1동 1629-14,37.4890523,127.019934,2009,전용주,02-2155-6996,서초구청,2019-06-05
"서초1동",1,서울특별시 서초구 서리풀길 29-5,서울특별시 서초구 서초1동 1629-13,37.4887114,127.0197813,2009,건축물,02-2155-6996,서초구청,2019-06-05
"서초1동",1,서울특별시 서초구 서리풀길 27,서울특별시 서초구 서초1동 1629-16,37.4887768,127.0200586,2009,전용주,02-2155-6996,서초구청,2019-06-05
"서초1동",1,서울특별시 서초구 서리풀길 31-3,서울특별시 서초구 서초1동 1603-53,37.4890523,127.019934,2009,전용주,02-2155-6996,서초구청,2019-06-05
"서초1동",1,서울특별시 서초구 서리풀길 27,서울특별시 서초구 서초1동 1629-16,37.4887768,127.0200586,2009,전용주,02-2155-6996,서초구청,2019-06-05
"서초1동",1,서울특별시 서초구 사임당로18길 31-11,서울특별시 서초구 서초1동 1629-32,37.4885079,127.020018,2009,건축물,02-2155-6996,서초구청,2019-06-05
"서초1동",1,서울특별시 서초구 사임당로18길 31-5,서울특별시 서초구 서초1동 1629-34,37.4885197,127.0197024,2009,건축물,02-2155-6996,서초구청,2019-06-05
"서초1동",1,서울특별시 서초구 사임당로18길 27,서울특별시 서초구 서초1동 1629-35,37.4884758,127.0195141,2009,한전주,02-2155-6996,서초구청,2019-06-05
"서초1동",1,서울특별시 서초구 사임당로18길 23,서울특별시 서초구 서초1동 1629-37,37.4886021,127.0194265,2009,한전주,02-2155-6996,서초구청,2019-06-05
"서초1동",1,서울특별시 서초구 사임당로18길 7,서울특별시 서초구 서초1동 1629-1,37.4892689,127.0192143,2009,한전주,02-2155-6996,서초구청,2019-06-05
"서초1동",1,서울특별시 서초구 사임당로18길 7,서울특별시 서초구 서초1동 1629-2,37.4892689,127.0192143,2009,한전주,02-2155-6996,서초구청,2019-06-05
"서초1동",1,서울특별시 서초구 서리풀3길 6-3,서울특별시 서초구 서초1동 1629-27,37.4880996,127.0198944,2009,한전주,02-2155-6996,서초구청,2019-06-05
"서초1동",1,서울특별시 서초구 서리풀3길 8,서울특별시 서초구 서초1동 1629-58,37.4879538,127.0199088,2009,한전주,02-2155-6996,서초구청,2019-06-05
"서초1동",1,서울특별시 서초구 사임당로18길 33,서울특별시 서초구 서초1동 1629-31,37.4881912,127.0196354,2009,한전주,02-2155-6996,서초구청,2019-06-05
"서초1동",1,서울특별시 서초구 서리풀3길 6-5,서울특별시 서초구 서초1동 1629-25,37.4882564,127.0198947,2009,전용주,02-2155-6996,서초구청,2019-06-05
"서초1동",1,서울특별시 서초구 효령로67길 64,서울특별시 서초구 서초1동 1609-1,37.4900379,127.0228488,2009,한전주,02-2155-6996,서초구청,2019-06-05
"서초1동",1,서울특별시 서초구,서울특별시 서초구 서초1동 1609-5,,,2009,전용주,02-2155-6996,서초구청,2019-06-05
"서초1동",1,서울특별시 서초구 효령로67길 52,서울특별시 서초구 서초1동 1609-6,37.4896274,127.0230056,2009,한전주,02-2155-6996,서초구청,2019-06-05
"서초1동",1,서울특별시 서초구 효령로67길 52,서울특별시 서초구 서초1동 1609-6,37.4896274,127.0230056,2009,한전주,02-2155-6996,서초구청,2019-06-05
"서초1동",1,서울특별시 서초구,서울특별시 서초구 서초1동 1609-8,,,2009,한전주,02-2155-6996,서초구청,2019-06-05
"서초1동",1,서울특별시 서초구 효령로67길 57-6,서울특별시 서초구 서초1동 1610-15,37.4897133,127.0223882,2009,전용주,02-2155-6996,서초구청,2019-06-05
"서초1동",1,서울특별시 서초구 효령로67길 57-16,서울특별시 서초구 서초1동 1610-12,37.4893022,127.0223574,2009,한전주,02-2155-6996,서초구청,2019-06-05
"서초1동",1,서울특별시 서초구 서리풀8길 20,서울특별시 서초구 서초1동 1611-1,37.4896512,127.0208738,2009,전용주,02-2155-6996,서초구청,2019-06-05
"서초1동",1,서울특별시 서초구 서리풀8길 20,서울특별시 서초구 서초1동 1611-1,37.4896512,127.0208738,2009,전용주,02-2155-6996,서초구청,2019-06-05
"서초1동",1,서울특별시 서초구 서리풀8길 20,서울특별시 서초구 서초1동 1611-1,37.4896512,127.0208738,2009,전용주,02-2155-6996,서초구청,2019-06-05
"서초1동",1,서울특별시 서초구 서리풀8길 20,서울특별시 서초구 서초1동 1611-1,37.4896512,127.0208738,2009,한전주,02-2155-6996,서초구청,2019-06-05
"서초1동",1,서울특별시 서초구 효령로67길 71-18,서울특별시 서초구 서초1동 1611-11,37.4897256,127.0219154,2009,전용주,02-2155-6996,서초구청,2019-06-05
"서초1동",1,서울특별시 서초구 효령로67길 71-18,서울특별시 서초구 서초1동 1611-11,37.4897256,127.0219154,2009,한전주,02-2155-6996,서초구청,2019-06-05
"서초1동",1,서울특별시 서초구 효령로67길 71-18,서울특별시 서초구 서초1동 1611-11,37.4897256,127.0219154,2009,전용주,02-2155-6996,서초구청,2019-06-05
"서초1동",1,서울특별시 서초구 효령로67길 71-18,서울특별시 서초구 서초1동 1611-11,37.4897256,127.0219154,2009,한전주,02-2155-6996,서초구청,2019-06-05
"서초1동",1,서울특별시 서초구 효령로67길 71-18,서울특별시 서초구 서초1동 1611-11,37.4897256,127.0219154,2009,전용주,02-2155-6996,서초구청,2019-06-05
"서초1동",1,서울특별시 서초구 서리풀8길 38,서울특별시 서초구 서초1동 1611-10,37.4895506,127.0214563,2009,전용주,02-2155-6996,서초구청,2019-06-05
"서초1동",1,서울특별시 서초구 서리풀8길 38,서울특별시 서초구 서초1동 1611-10,37.4895506,127.0214563,2009,전용주,02-2155-6996,서초구청,2019-06-05
"서초1동",1,서울특별시 서초구 서리풀8길 38,서울특별시 서초구 서초1동 1611-10,37.4895506,127.0214563,2009,전용주,02-2155-6996,서초구청,2019-06-05
"서초1동",1,서울특별시 서초구 서리풀8길 38,서울특별시 서초구 서초1동 1611-10,37.4895506,127.0214563,2009,전용주,02-2155-6996,서초구청,2019-06-05
"서초1동",1,서울특별시 서초구 서리풀8길 38,서울특별시 서초구 서초1동 1611-10,37.4895506,127.0214563,2009,전용주,02-2155-6996,서초구청,2019-06-05
"서초1동",1,서울특별시 서초구,서울특별시 서초구 서초1동 1611-13,,,2009,전용주,02-2155-6996,서초구청,2019-06-05
"서초1동",1,서울특별시 서초구 사임당로 116,서울특별시 서초구 서초1동 1632-1,37.4904892,127.0226088,2009,전용주,02-2155-6996,서초구청,2019-06-05
"서초1동",1,서울특별시 서초구,서울특별시 서초구 서초1동 1633-5,,,2009,한전주,02-2155-6996,서초구청,2019-06-05
"서초1동",1,서울특별시 서초구,서울특별시 서초구 서초1동 1633-4,,,2009,한전주,02-2155-6996,서초구청,2019-06-05
"서초1동",1,서울특별시 서초구,서울특별시 서초구 서초1동 1633-4,,,2009,전용주,02-2155-6996,서초구청,2019-06-05
"서초1동",1,서울특별시 서초구,서울특별시 서초구 서초1동 1633-4,,,2009,한전주,02-2155-6996,서초구청,2019-06-05
"서초1동",1,서울특별시 서초구,서울특별시 서초구 서초1동 1633-4,,,2009,한전주,02-2155-6996,서초구청,2019-06-05
"서초1동",1,서울특별시 서초구 서초대로64길 93,서울특별시 서초구 서초1동 1633-2,37.4916141,127.0222278,2009,전용주,02-2155-6996,서초구청,2019-06-05
"서초1동",1,서울특별시 서초구 서초대로64길 93,서울특별시 서초구 서초1동 1633-1,37.4916141,127.0222278,2009,한전주,02-2155-6996,서초구청,2019-06-05
"서초1동",1,서울특별시 서초구 서초대로64길 83,서울특별시 서초구 서초1동 1634-9,37.4920198,127.0220348,2009,전용주,02-2155-6996,서초구청,2019-06-05
"서초1동",1,서울특별시 서초구 서초대로64길 73,서울특별시 서초구 서초1동 1634-1,37.4925378,127.0218018,2009,전용주,02-2155-6996,서초구청,2019-06-05
"서초1동",1,서울특별시 서초구 서초대로64길 73,서울특별시 서초구 서초1동 1634-1,37.4925378,127.0218018,2009,전용주,02-2155-6996,서초구청,2019-06-05
"서초1동",1,서울특별시 서초구 서초대로64길 73,서울특별시 서초구 서초1동 1634-1,37.4925378,127.0218018,2009,전용주,02-2155-6996,서초구청,2019-06-05
"서초1동",1,서울특별시 서초구 서초대로64길 55,서울특별시 서초구 서초1동 1635-6,37.4932295,127.0215519,2009,한전주,02-2155-6996,서초구청,2019-06-05
"서초1동",1,서울특별시 서초구 서초대로64길 55,서울특별시 서초구 서초1동 1635-6,37.4932295,127.0215519,2009,한전주,02-2155-6996,서초구청,2019-06-05
"서초1동",1,서울특별시 서초구,서울특별시 서초구 서초1동 1635-3,,,2009,한전주,02-2155-6996,서초구청,2019-06-05
"서초1동",1,서울특별시 서초구,서울특별시 서초구 서초1동 1646-4,,,2009,전용주,02-2155-6996,서초구청,2019-06-05
"서초1동",1,서울특별시 서초구,서울특별시 서초구 서초1동 1646-4,,,2009,전용주,02-2155-6996,서초구청,2019-06-05
"서초1동",1,서울특별시 서초구,서울특별시 서초구 서초1동 1646-4,,,2009,전용주,02-2155-6996,서초구청,2019-06-05
"서초1동",1,서울특별시 서초구 사임당로 111-12,서울특별시 서초구 서초1동 1647-9,37.4912013,127.0218803,2009,한전주,02-2155-6996,서초구청,2019-06-05
"서초1동",1,서울특별시 서초구 사임당로23길 12,서울특별시 서초구 서초1동 1647-1,37.4908931,127.0211177,2009,전용주,02-2155-6996,서초구청,2019-06-05
"서초1동",1,서울특별시 서초구 사임당로23길 12,서울특별시 서초구 서초1동 1647-1,37.4908931,127.0211177,2009,전용주,02-2155-6996,서초구청,2019-06-05
"서초1동",1,서울특별시 서초구 사임당로23길 12,서울특별시 서초구 서초1동 1647-1,37.4908931,127.0211177,2009,전용주,02-2155-6996,서초구청,2019-06-05
"서초1동",1,서울특별시 서초구 사임당로23길 58,서울특별시 서초구 서초1동 1644,37.4923242,127.0212584,2009,한전주,02-2155-6996,서초구청,2019-06-05
"서초1동",1,서울특별시 서초구 사임당로23길 32,서울특별시 서초구 서초1동 1646-1,37.4918802,127.0209578,2009,한전주,02-2155-6996,서초구청,2019-06-05
"서초1동",1,서울특별시 서초구 서초대로64길 76-21,서울특별시 서초구 서초1동 1645,37.4917813,127.0215211,2009,한전주,02-2155-6996,서초구청,2019-06-05
"서초1동",1,서울특별시 서초구 사임당로19길 22,서울특별시 서초구 서초1동 1648-1,37.4909206,127.0194313,2009,한전주,02-2155-6996,서초구청,2019-06-05
"서초1동",1,서울특별시 서초구,서울특별시 서초구 서초1동 1648-2,,,2009,전용주,02-2155-6996,서초구청,2019-06-05
"서초1동",1,서울특별시 서초구,서울특별시 서초구 서초1동 1648-2,,,2009,한전주,02-2155-6996,서초구청,2019-06-05
"서초1동",1,서울특별시 서초구,서울특별시 서초구 서초1동 1648-2,,,2009,전용주,02-2155-6996,서초구청,2019-06-05
"서초1동",1,서울특별시 서초구,서울특별시 서초구 서초1동 1648-2,,,2009,한전주,02-2155-6996,서초구청,2019-06-05
"서초1동",1,서울특별시 서초구,서울특별시 서초구 서초1동 1648-2,,,2009,한전주,02-2155-6996,서초구청,2019-06-05
"서초1동",1,서울특별시 서초구,서울특별시 서초구 서초1동 1648-2,,,2009,한전주,02-2155-6996,서초구청,2019-06-05
"서초1동",1,서울특별시 서초구 사임당로23길 3,서울특별시 서초구 서초1동 1648-7,37.490401,127.0206627,2009,한전주,02-2155-6996,서초구청,2019-06-05
"서초1동",1,서울특별시 서초구 사임당로17길 60,서울특별시 서초구 서초1동 1642-3,37.4917609,127.0171134,2009,한전주,02-2155-6996,서초구청,2019-06-05
"서초1동",1,서울특별시 서초구,서울특별시 서초구 서초1동 1642-7,,,2009,전용주,02-2155-6996,서초구청,2019-06-05
"서초1동",1,서울특별시 서초구 사임당로19길 51,서울특별시 서초구 서초1동 1642-15,37.4917072,127.0180267,2009,전용주,02-2155-6996,서초구청,2019-06-05
"서초1동",1,서울특별시 서초구 사임당로19길 51,서울특별시 서초구 서초1동 1642-16,37.4917072,127.0180267,2009,한전주,02-2155-6996,서초구청,2019-06-05
"서초1동",1,서울특별시 서초구 사임당로17길 52-16,서울특별시 서초구 서초1동 1642-15,37.4916757,127.0178122,2009,전용주,02-2155-6996,서초구청,2019-06-05
"서초1동",1,서울특별시 서초구 사임당로17길 52-12,서울특별시 서초구 서초1동 1642-19,37.4915526,127.0176386,2009,한전주,02-2155-6996,서초구청,2019-06-05
"서초1동",1,서울특별시 서초구 사임당로17길 52,서울특별시 서초구 서초1동 1642-22,37.4913658,127.0172735,2009,한전주,02-2155-6996,서초구청,2019-06-05
"서초1동",1,서울특별시 서초구 사임당로19길 51,서울특별시 서초구 서초1동 1642-15,37.4917072,127.0180267,2009,한전주,02-2155-6996,서초구청,2019-06-05
"서초1동",1,서울특별시 서초구 사임당로17길 20,서울특별시 서초구 서초1동 1649-1,37.4905838,127.0184813,2009,전용주,02-2155-6996,서초구청,2019-06-05
"서초1동",1,서울특별시 서초구 사임당로17길 18-5,서울특별시 서초구 서초1동 1649-20,37.490662,127.0186815,2009,전용주,02-2155-6996,서초구청,2019-06-05
"서초1동",1,서울특별시 서초구 사임당로19길 19-8,서울특별시 서초구 서초1동 1649-7,37.4907184,127.0188459,2009,전용주,02-2155-6996,서초구청,2019-06-05
"서초1동",1,서울특별시 서초구 사임당로 87,서울특별시 서초구 서초1동 1649-4,37.4899661,127.0192979,2009,전용주,02-2155-6996,서초구청,2019-06-05
"서초1동",1,서울특별시 서초구 사임당로19길 9,서울특별시 서초구 서초1동 1649-22,37.4903376,127.019431,2009,한전주,02-2155-6996,서초구청,2019-06-05
"서초1동",1,서울특별시 서초구 사임당로 89,서울특별시 서초구 서초1동 1649-5,37.4901512,127.0194515,2009,전용주,02-2155-6996,서초구청,2019-06-05
"서초1동",1,서울특별시 서초구 사임당로19길 19,서울특별시 서초구 서초1동 1649-2,37.4908500,127.0191766,2009,전용주,02-2155-6996,서초구청,2019-06-05
"서초1동",1,서울특별시 서초구 서초중앙로20길 8,서울특별시 서초구 서초1동 1656-13,,,2009,한전주,02-2155-6996,서초구청,2019-06-05
"서초1동",1,서울특별시 서초구,서울특별시 서초구 서초1동 1656-9,,,2009,한전주,02-2155-6996,서초구청,2019-06-05
"서초1동",1,서울특별시 서초구 서초중앙로20길 16,서울특별시 서초구 서초1동 1660-2,37.4921567,127.0149811,2009,한전주,02-2155-6996,서초구청,2019-06-05
"서초1동",1,서울특별시 서초구 서초중앙로20길 22-6,서울특별시 서초구 서초1동 1660-4,37.492052,127.0151759,2009,전용주,02-2155-6996,서초구청,2019-06-05
"서초1동",1,서울특별시 서초구 서초중앙로20길 22-10,서울특별시 서초구 서초1동 1660-5,37.4919134,127.0151924,2009,전용주,02-2155-6996,서초구청,2019-06-05
"서초1동",1,서울특별시 서초구 서초중앙로18길 21-7,서울특별시 서초구 서초1동 1665-24,37.4916585,127.0152025,2009,한전주,02-2155-6996,서초구청,2019-06-05
"서초1동",1,서울특별시 서초구 서초중앙로20길 26,서울특별시 서초구 서초1동 1660-28,37.4922273,127.0155626,2009,한전주,02-2155-6996,서초구청,2019-06-05
"서초1동",1,서울특별시 서초구 서초중앙로20길 34-6,서울특별시 서초구 서초1동 1660-27,37.4922146,127.0158703,2009,한전주,02-2155-6996,서초구청,2019-06-05
"서초1동",1,서울특별시 서초구 서초중앙로20길 34-8,서울특별시 서초구 서초1동 1660-28,37.4920121,127.0159035,2009,한전주,02-2155-6996,서초구청,2019-06-05
"서초1동",1,서울특별시 서초구 서초중앙로20길 34-8,서울특별시 서초구 서초1동 1660-28,37.4920121,127.0159035,2009,한전주,02-2155-6996,서초구청,2019-06-05
"서초1동",1,서울특별시 서초구 서초대로54길 48-20,서울특별시 서초구 서초1동 1660-25,37.4920226,127.015753,2009,한전주,02-2155-6996,서초구청,2019-06-05
"서초1동",1,서울특별시 서초구 서초중앙로 96,서울특별시 서초구 서초1동 1650,37.4899286,127.0158653,2009,한전주,02-2155-6996,서초구청,2019-06-05
"서초1동",1,서울특별시 서초구 서초중앙로 96,서울특별시 서초구 서초1동 1650,37.4899286,127.0158653,2009,한전주,02-2155-6996,서초구청,2019-06-05
"서초1동",1,서울특별시 서초구 서초중앙로 96,서울특별시 서초구 서초1동 1650,37.4899286,127.0158653,2009,전용주,02-2155-6996,서초구청,2019-06-05
"서초1동",1,서울특별시 서초구 서초중앙로 96,서울특별시 서초구 서초1동 1650,37.4899286,127.0158653,2009,전용주,02-2155-6996,서초구청,2019-06-05
"서초1동",2,서울특별시 서초구 서초중앙로 96,서울특별시 서초구 서초1동 1650(교대),37.4899286,127.0158653,2009,전용주,02-2155-6996,서초구청,2019-06-05
"서초1동",1,서울특별시 서초구 서초중앙로 96,서울특별시 서초구 서초1동 1650,37.4899286,127.0158653,2009,전용주,02-2155-6996,서초구청,2019-06-05
"서초1동",1,서울특별시 서초구 서초중앙로 96,서울특별시 서초구 서초1동 1650,37.4899286,127.0158653,2009,전용주,02-2155-6996,서초구청,2019-06-05
"서초1동",2,서울특별시 서초구 서초중앙로 96,서울특별시 서초구 서초1동 1650,37.4899286,127.0158653,2009,전용주,02-2155-6996,서초구청,2019-06-05
"서초1동",1,서울특별시 서초구 서초중앙로 96,서울특별시 서초구 서초1동 1650,37.4899286,127.0158653,2009,전용주,02-2155-6996,서초구청,2019-06-05
"서초1동",1,서울특별시 서초구 서초중앙로 96,서울특별시 서초구 서초1동 1650,37.4899286,127.0158653,2009,전용주,02-2155-6996,서초구청,2019-06-05
"서초1동",1,서울특별시 서초구 서초중앙로 96,서울특별시 서초구 서초1동 1650,37.4899286,127.0158653,2009,전용주,02-2155-6996,서초구청,2019-06-05
"서초1동",1,서울특별시 서초구 서초중앙로 96,서울특별시 서초구 서초1동 1650,37.4899286,127.0158653,2009,전용주,02-2155-6996,서초구청,2019-06-05
"서초1동",1,서울특별시 서초구 서초중앙로 96,서울특별시 서초구 서초1동 1650,37.4899286,127.0158653,2009,전용주,02-2155-6996,서초구청,2019-06-05
"서초1동",1,서울특별시 서초구 서초중앙로 96,서울특별시 서초구 서초1동 1650,37.4899286,127.0158653,2009,전용주,02-2155-6996,서초구청,2019-06-05
"서초1동",1,서울특별시 서초구 서초중앙로 96,서울특별시 서초구 서초1동 1650,37.4899286,127.0158653,2009,전용주,02-2155-6996,서초구청,2019-06-05
"서초1동",1,서울특별시 서초구 서초중앙로 96,서울특별시 서초구 서초1동 1650,37.4899286,127.0158653,2009,한전주,02-2155-6996,서초구청,2019-06-05
"서초1동",1,서울특별시 서초구 서초중앙로 96,서울특별시 서초구 서초1동 1650,37.4899286,127.0158653,2009,전용주,02-2155-6996,서초구청,2019-06-05
"서초1동",1,서울특별시 서초구 서초중앙로 96,서울특별시 서초구 서초1동 1650,37.4899286,127.0158653,2009,전용주,02-2155-6996,서초구청,2019-06-05
"서초1동",1,서울특별시 서초구 서초중앙로 96,서울특별시 서초구 서초1동 1650,37.4899286,127.0158653,2009,전용주,02-2155-6996,서초구청,2019-06-05
"서초1동",1,서울특별시 서초구 서초중앙로 96,서울특별시 서초구 서초1동 1650,37.4899286,127.0158653,2009,전용주,02-2155-6996,서초구청,2019-06-05
"서초1동",1,서울특별시 서초구 서초중앙로 96,서울특별시 서초구 서초1동 1650,37.4899286,127.0158653,2009,전용주,02-2155-6996,서초구청,2019-06-05
"서초1동",1,서울특별시 서초구 서초중앙로 96,서울특별시 서초구 서초1동 1650,37.4899286,127.0158653,2009,전용주,02-2155-6996,서초구청,2019-06-05
"서초1동",1,서울특별시 서초구 서초중앙로 96,서울특별시 서초구 서초1동 1650,37.4899286,127.0158653,2009,전용주,02-2155-6996,서초구청,2019-06-05
"서초1동",1,서울특별시 서초구 서초중앙로20길 34-7,서울특별시 서초구 서초1동 1660-27,37.4920238,127.0161148,2009,한전주,02-2155-6996,서초구청,2019-06-05
"서초1동",1,서울특별시 서초구 서초대로54길 50,서울특별시 서초구 서초1동 1665-7,37.491976,127.016656,2009,전용주,02-2155-6996,서초구청,2019-06-05
"서초1동",1,서울특별시 서초구 서초중앙로18길 21-8,서울특별시 서초구 서초1동 1660-17,37.4916999,127.0155276,2009,한전주,02-2155-6996,서초구청,2019-06-05
"서초1동",1,서울특별시 서초구 사임당로19길 28-3,서울특별시 서초구 서초1동 1643-13,37.4911208,127.0191324,2009,전용주,02-2155-6996,서초구청,2019-06-05
"서초1동",1,서울특별시 서초구 사임당로19길 40-4,서울특별시 서초구 서초1동 1643-11,37.4912833,127.0189471,2009,한전주,02-2155-6996,서초구청,2019-06-05
"서초1동",1,서울특별시 서초구 사임당로19길 28-23,서울특별시 서초구 서초1동 1643-16,37.4915089,127.0194224,2009,전용주,02-2155-6996,서초구청,2019-06-05
"서초1동",1,서울특별시 서초구 사임당로19길 28-11,서울특별시 서초구 서초1동 1643-18,37.4912623,127.0195704,2009,전용주,02-2155-6996,서초구청,2019-06-05
"서초1동",1,서울특별시 서초구 사임당로19길 64-10,서울특별시 서초구 서초1동 1643-6,37.4918365,127.0187227,2009,한전주,02-2155-6996,서초구청,2019-06-05
"서초1동",1,서울특별시 서초구 사임당로19길 64-14,서울특별시 서초구 서초1동 1643-10,37.491695,127.0188365,2009,한전주,02-2155-6996,서초구청,2019-06-05
"서초1동",1,서울특별시 서초구 사임당로19길 40-1,서울특별시 서초구 서초1동 1643-9,37.4915254,127.0188105,2009,전용주,02-2155-6996,서초구청,2019-06-05
"서초1동",1,서울특별시 서초구 사임당로19길 46,서울특별시 서초구 서초1동 1643-8,37.4916297,127.0186745,2009,전용주,02-2155-6996,서초구청,2019-06-05
"서초1동",1,서울특별시 서초구 사임당로19길 48,서울특별시 서초구 서초1동 1643-5,37.491727,127.0185658,2009,한전주,02-2155-6996,서초구청,2019-06-05
"서초1동",1,서울특별시 서초구 사임당로19길 72-4,서울특별시 서초구 서초1동 1643-31,37.4922773,127.0188583,2009,한전주,02-2155-6996,서초구청,2019-06-05
"서초1동",1,서울특별시 서초구 사임당로19길 72-16,서울특별시 서초구 서초1동 1643-24,37.4918791,127.019196,2009,한전주,02-2155-6996,서초구청,2019-06-05
"서초1동",1,서울특별시 서초구 사임당로19길 72-18,서울특별시 서초구 서초1동 1643-23,37.4917181,127.0193372,2009,한전주,02-2155-6996,서초구청,2019-06-05
"서초1동",1,서울특별시 서초구 사임당로19길 72-18,서울특별시 서초구 서초1동 1643-23,37.4917181,127.0193372,2009,전용주,02-2155-6996,서초구청,2019-06-05
"서초1동",1,서울특별시 서초구 사임당로19길 64-13,서울특별시 서초구 서초1동 1643-25,37.4918212,127.0190576,2009,건축물,02-2155-6996,서초구청,2019-06-05
"서초1동",1,서울특별시 서초구 사임당로19길 80-8,서울특별시 서초구 서초1동 1643-34,37.4923414,127.0193041,2009,한전주,02-2155-6996,서초구청,2019-06-05
"서초1동",1,서울특별시 서초구 사임당로19길 80-14,서울특별시 서초구 서초1동 1643-38,37.492091,127.0195426,2009,한전주,02-2155-6996,서초구청,2019-06-05
"서초1동",1,서울특별시 서초구,서울특별시 서초구 서초1동 1643-52,,,2009,한전주,02-2155-6996,서초구청,2019-06-05
"서초1동",1,서울특별시 서초구 사임당로19길 88-8,서울특별시 서초구 서초1동 1643-48,37.4924736,127.0197118,2009,한전주,02-2155-6996,서초구청,2019-06-05
"서초1동",1,서울특별시 서초구 사임당로19길 126,서울특별시 서초구 서초1동 1643-44,37.4922778,127.0198919,2009,한전주,02-2155-6996,서초구청,2019-06-05
"서초1동",1,서울특별시 서초구 사임당로19길 94-3,서울특별시 서초구 서초1동 1643-60,37.4928601,127.0201443,2009,한전주,02-2155-6996,서초구청,2019-06-05
"서초1동",1,서울특별시 서초구 사임당로19길 94-3,서울특별시 서초구 서초1동 1643-59,37.4928601,127.0201443,2009,전용주,02-2155-6996,서초구청,2019-06-05
"서초1동",1,서울특별시 서초구 사임당로23길 29,서울특별시 서초구 서초1동 1641-14,,,2009,전용주,02-2155-6996,서초구청,2019-06-05
"서초1동",1,서울특별시 서초구 사임당로23길 29,서울특별시 서초구 서초1동 1641-14,,,2009,전용주,02-2155-6996,서초구청,2019-06-05
"서초1동",1,서울특별시 서초구 사임당로23길 29,서울특별시 서초구 서초1동 1641-14,,,2009,전용주,02-2155-6996,서초구청,2019-06-05
"서초1동",1,서울특별시 서초구 사임당로23길 29,서울특별시 서초구 서초1동 1641-10,,,2009,한전주,02-2155-6996,서초구청,2019-06-05
"서초1동",1,서울특별시 서초구 사임당로23길 29,서울특별시 서초구 서초1동 1641-10,,,2009,한전주,02-2155-6996,서초구청,2019-06-05
"서초1동",1,서울특별시 서초구 사임당로19길 34,서울특별시 서초구 서초1동 1643-12,37.4912075,127.0190476,2009,전용주,02-2155-6996,서초구청,2019-06-05
"서초1동",1,서울특별시 서초구 사임당로19길 64-4,서울특별시 서초구 서초1동 1643-2,37.4920779,127.0184979,2009,전용주,02-2155-6996,서초구청,2019-06-05
"서초1동",1,서울특별시 서초구 사임당로19길 54,서울특별시 서초구 서초1동 1643-1,37.4919725,127.0183964,2009,한전주,02-2155-6996,서초구청,2019-06-05
"서초1동",1,서울특별시 서초구 사임당로19길 80-4,서울특별시 서초구 서초1동 1643-33,37.4924737,127.0191769,2009,한전주,02-2155-6996,서초구청,2019-06-05
"서초1동",1,서울특별시 서초구,서울특별시 서초구 서초1동 1643-61,,,2009,한전주,02-2155-6996,서초구청,2019-06-05
"서초1동",1,서울특별시 서초구,서울특별시 서초구 서초1동 1641-13,,,2009,전용주,02-2155-6996,서초구청,2019-06-05
"서초1동",1,서울특별시 서초구,서울특별시 서초구 서초1동 1641-13,,,2009,한전주,02-2155-6996,서초구청,2019-06-05
"서초1동",1,서울특별시 서초구,서울특별시 서초구 서초1동 1641-13,,,2009,한전주,02-2155-6996,서초구청,2019-06-05
"서초1동",1,서울특별시 서초구,서울특별시 서초구 서초1동 1641-13,,,2009,전용주,02-2155-6996,서초구청,2019-06-05
"서초1동",1,서울특별시 서초구,서울특별시 서초구 서초1동 1641-13,,,2009,전용주,02-2155-6996,서초구청,2019-06-05
"서초1동",1,서울특별시 서초구,서울특별시 서초구 서초1동 1641-13,,,2009,전용주,02-2155-6996,서초구청,2019-06-05
"서초1동",1,서울특별시 서초구 사임당로23길 45,서울특별시 서초구 서초1동 1641-12,37.4924227,127.0205232,2009,전용주,02-2155-6996,서초구청,2019-06-05
"서초1동",1,서울특별시 서초구 사임당로23길 45,서울특별시 서초구 서초1동 1641-12,37.4924227,127.0205232,2009,전용주,02-2155-6996,서초구청,2019-06-05
"서초1동",1,서울특별시 서초구 사임당로23길 41,서울특별시 서초구 서초1동 1641-6,37.4921824,127.0203443,2009,전용주,02-2155-6996,서초구청,2019-06-05
"서초1동",1,서울특별시 서초구 사임당로17길 116,서울특별시 서초구 서초1동 1641-1,37.4932689,127.0196731,2009,한전주,02-2155-6996,서초구청,2019-06-05
"서초1동",1,서울특별시 서초구 사임당로17길 116,서울특별시 서초구 서초1동 1641-1,37.4932689,127.0196731,2009,한전주,02-2155-6996,서초구청,2019-06-05
"서초1동",1,서울특별시 서초구 사임당로17길 116,서울특별시 서초구 서초1동 1641-1,37.4932689,127.0196731,2009,한전주,02-2155-6996,서초구청,2019-06-05
"서초1동",1,서울특별시 서초구 사임당로17길 116,서울특별시 서초구 서초1동 1641-1,37.4932689,127.0196731,2009,한전주,02-2155-6996,서초구청,2019-06-05
"서초1동",1,서울특별시 서초구 사임당로17길 116,서울특별시 서초구 서초1동 1641-1,37.4932689,127.0196731,2009,한전주,02-2155-6996,서초구청,2019-06-05
"서초1동",1,서울특별시 서초구 사임당로17길 116,서울특별시 서초구 서초1동 1642-32,37.4932689,127.0196731,2009,한전주,02-2155-6996,서초구청,2019-06-05
"서초1동",1,서울특별시 서초구 사임당로17길 90,서울특별시 서초구 서초1동 1642-14,37.4924413,127.0182093,2009,한전주,02-2155-6996,서초구청,2019-06-05
"서초1동",1,서울특별시 서초구 사임당로17길 90,서울특별시 서초구 서초1동 1642-14,37.4924413,127.0182093,2009,한전주,02-2155-6996,서초구청,2019-06-05
"서초1동",1,서울특별시 서초구 사임당로17길 90,서울특별시 서초구 서초1동 1642-14,37.4924413,127.0182093,2009,전용주,02-2155-6996,서초구청,2019-06-05
"서초1동",1,서울특별시 서초구 사임당로17길 90,서울특별시 서초구 서초1동 1642-14,37.4924413,127.0182093,2009,한전주,02-2155-6996,서초구청,2019-06-05
"서초1동",1,서울특별시 서초구 사임당로17길 90,서울특별시 서초구 서초1동 1642-14,37.4924413,127.0182093,2009,한전주,02-2155-6996,서초구청,2019-06-05
"서초1동",1,서울특별시 서초구 사임당로17길 90,서울특별시 서초구 서초1동 1642-14,37.4924413,127.0182093,2009,전용주,02-2155-6996,서초구청,2019-06-05
"서초1동",1,서울특별시 서초구 사임당로17길 90,서울특별시 서초구 서초1동 1642-14,37.4924413,127.0182093,2009,전용주,02-2155-6996,서초구청,2019-06-05
"서초1동",1,서울특별시 서초구 서초대로52길 22,서울특별시 서초구 서초1동 1657-8,37.4927275,127.0143833,2009,한전주,02-2155-6996,서초구청,2019-06-05
"서초1동",1,서울특별시 서초구 서초대로52길 28,서울특별시 서초구 서초1동 1657-7,37.4924729,127.0144308,2009,한전주,02-2155-6996,서초구청,2019-06-05
"서초1동",1,서울특별시 서초구 서초중앙로22길 18,서울특별시 서초구 서초1동 1658-12,37.4930608,127.0150145,2009,전용주,02-2155-6996,서초구청,2019-06-05
"서초1동",1,서울특별시 서초구 서초대로52길 23,서울특별시 서초구 서초1동 1658-10,37.4927297,127.0148582,2009,전용주,02-2155-6996,서초구청,2019-06-05
"서초1동",1,서울특별시 서초구 서초중앙로20길 19-11,서울특별시 서초구 서초1동 1658-14,37.4927707,127.0151302,2009,전용주,02-2155-6996,서초구청,2019-06-05
"서초1동",1,서울특별시 서초구 서초중앙로20길 19-9,서울특별시 서초구 서초1동 1658-9,37.4926011,127.0149968,2009,건축물,02-2155-6996,서초구청,2019-06-05
"서초1동",1,서울특별시 서초구 서초중앙로20길 19-5,서울특별시 서초구 서초1동 1658-8,37.4924688,127.0150189,2009,전용주,02-2155-6996,서초구청,2019-06-05
"서초1동",1,서울특별시 서초구 서초중앙로20길 33-17,서울특별시 서초구 서초1동 1658-20,37.4926709,127.0154872,2009,전용주,02-2155-6996,서초구청,2019-06-05
"서초1동",1,서울특별시 서초구 서초중앙로20길 29,서울특별시 서초구 서초1동 1658-23,37.4924403,127.0158108,2009,한전주,02-2155-6996,서초구청,2019-06-05
"서초1동",1,서울특별시 서초구 서초중앙로20길 29,서울특별시 서초구 서초1동 1658-23,37.4924403,127.0158108,2009,한전주,02-2155-6996,서초구청,2019-06-05
"서초1동",1,서울특별시 서초구 서초중앙로22길 30,서울특별시 서초구 서초1동 1659-13,37.4931412,127.0155845,2009,한전주,02-2155-6996,서초구청,2019-06-05
"서초1동",1,서울특별시 서초구 서초대로54길 24,서울특별시 서초구 서초1동 1659-13,37.4929839,127.0159552,2009,한전주,02-2155-6996,서초구청,2019-06-05
"서초1동",1,서울특별시 서초구 서초중앙로20길 33-10,서울특별시 서초구 서초1동 1659-16,37.4927507,127.0159809,2009,전용주,02-2155-6996,서초구청,2019-06-05
"서초1동",2,서울특별시 서초구 서초중앙로20길 33-14,서울특별시 서초구 서초1동 1659-9,37.492858,127.0156561,2009,한전주,02-2155-6996,서초구청,2019-06-05
"서초1동",1,서울특별시 서초구,서울특별시 서초구 서초1동 1671-4,,,2009,한전주,02-2155-6996,서초구청,2019-06-05
"서초1동",1,서울특별시 서초구,서울특별시 서초구 서초1동 1671-2,,,2009,전용주,02-2155-6996,서초구청,2019-06-05
"서초1동",1,서울특별시 서초구,서울특별시 서초구 서초1동 1671-2,,,2009,전용주,02-2155-6996,서초구청,2019-06-05
"서초1동",1,서울특별시 서초구 서초대로52길 7,서울특별시 서초구 서초1동 1671-1,37.4934561,127.0146700,2009,전용주,02-2155-6996,서초구청,2019-06-05
"서초1동",1,서울특별시 서초구,서울특별시 서초구 서초1동 1672-7,,,2009,한전주,02-2155-6996,서초구청,2019-06-05
"서초1동",1,서울특별시 서초구 서초대로 302,서울특별시 서초구 서초1동 1673-1,37.4936806,127.0146829,2009,전용주,02-2155-6996,서초구청,2019-06-05
"서초1동",1,서울특별시 서초구,서울특별시 서초구 서초1동 1673-9,,,2009,전용주,02-2155-6996,서초구청,2019-06-05
"서초1동",1,서울특별시 서초구 서초대로52길 3-8,서울특별시 서초구 서초1동 1671-6,37.4934759,127.0148801,2009,한전주,02-2155-6996,서초구청,2019-06-05
"서초1동",1,서울특별시 서초구,서울특별시 서초구 서초1동 1672-12,,,2009,한전주,02-2155-6996,서초구청,2019-06-05
"서초1동",1,서울특별시 서초구 서초대로52길 3-13,서울특별시 서초구 서초1동 1673-3,37.4936777,127.0150934,2009,전용주,02-2155-6996,서초구청,2019-06-05
"서초1동",1,서울특별시 서초구 서초대로54길 33,서울특별시 서초구 서초1동 1606-1,37.4927254,127.0164064,2009,한전주,02-2155-6996,서초구청,2019-06-05
"서초1동",1,서울특별시 서초구 서초대로54길 29-12,서울특별시 서초구 서초1동 1666-4,37.4928651,127.0167269,2009,한전주,02-2155-6996,서초구청,2019-06-05
"서초1동",1,서울특별시 서초구 서초대로54길 29-18,서울특별시 서초구 서초1동 1666-6,37.4926076,127.0168614,2009,건축물,02-2155-6996,서초구청,2019-06-05
"서초1동",1,서울특별시 서초구 서초대로54길 29-32,서울특별시 서초구 서초1동 1666-10,37.4929146,127.0171503,2009,한전주,02-2155-6996,서초구청,2019-06-05
"서초1동",1,서울특별시 서초구 사임당로17길 83,서울특별시 서초구 서초1동 1669-12,37.4925926,127.0174451,2009,한전주,02-2155-6996,서초구청,2019-06-05
"서초1동",1,서울특별시 서초구 사임당로17길 83,서울특별시 서초구 서초1동 1666-14,37.4925926,127.0174451,2009,한전주,02-2155-6996,서초구청,2019-06-05
"서초1동",1,서울특별시 서초구 서초대로54길 45,서울특별시 서초구 서초1동 1666-17,37.4922544,127.0167575,2009,한전주,02-2155-6996,서초구청,2019-06-05
"서초1동",1,서울특별시 서초구 서초대로54길 45,서울특별시 서초구 서초1동 1666-17,37.4922544,127.0167575,2009,전용주,02-2155-6996,서초구청,2019-06-05
"서초1동",1,서울특별시 서초구 서초대로54길 45,서울특별시 서초구 서초1동 1666-17,37.4922544,127.0167575,2009,한전주,02-2155-6996,서초구청,2019-06-05
"서초1동",1,서울특별시 서초구 서초중앙로22길 40,서울특별시 서초구 서초1동 1669-1,37.4931858,127.0161776,2009,건축물,02-2155-6996,서초구청,2019-06-05
"서초1동",1,서울특별시 서초구 서초중앙로22길 40,서울특별시 서초구 서초1동 1669-1,37.4931858,127.0161776,2009,한전주,02-2155-6996,서초구청,2019-06-05
"서초1동",1,서울특별시 서초구 서초중앙로22길 46,서울특별시 서초구 서초1동 1669-8,37.493252,127.016551,2009,한전주,02-2155-6996,서초구청,2019-06-05
"서초1동",1,서울특별시 서초구 서초대로56길 22,서울특별시 서초구 서초1동 1669-15,37.4934457,127.0170958,2009,한전주,02-2155-6996,서초구청,2019-06-05
"서초1동",1,서울특별시 서초구 서초대로54길 11,서울특별시 서초구 서초1동 1670-1,37.4935889,127.0160027,2009,한전주,02-2155-6996,서초구청,2019-06-05
"서초1동",1,서울특별시 서초구 서초대로 320,서울특별시 서초구 서초1동 1674-3,37.4941883,127.016567,2009,한전주,02-2155-6996,서초구청,2019-06-05
"서초1동",1,서울특별시 서초구 서초대로 320,서울특별시 서초구 서초1동 1674-4,37.4941883,127.016567,2009,한전주,02-2155-6996,서초구청,2019-06-05
"서초1동",1,서울특별시 서초구 서초대로 320,서울특별시 서초구 서초1동 1674-4,37.4941883,127.016567,2009,한전주,02-2155-6996,서초구청,2019-06-05
"서초1동",1,서울특별시 서초구 서초대로54길 29-6,서울특별시 서초구 서초1동 1666-3,37.4927593,127.0165813,2009,전용주,02-2155-6996,서초구청,2019-06-05
"서초1동",1,서울특별시 서초구 서초대로54길 33,서울특별시 서초구 서초1동 1666-1,37.4927254,127.0164064,2009,전용주,02-2155-6996,서초구청,2019-06-05
"서초1동",1,서울특별시 서초구 서초대로54길 50,서울특별시 서초구 서초1동 1665-7,37.491976,127.016656,2009,한전주,02-2155-6996,서초구청,2019-06-05
"서초1동",1,서울특별시 서초구 서초대로54길 50,서울특별시 서초구 서초1동 1665-7,37.491976,127.016656,2009,전용주,02-2155-6996,서초구청,2019-06-05
"서초1동",1,서울특별시 서초구 서초대로54길 29-22,서울특별시 서초구 서초1동 1666-8,37.4928344,127.0170439,2009,전용주,02-2155-6996,서초구청,2019-06-05
"서초1동",1,서울특별시 서초구 서초대로56길 11,서울특별시 서초구 서초1동 1675-6,37.4939535,127.0172588,2009,한전주,02-2155-6996,서초구청,2019-06-05
"서초1동",1,서울특별시 서초구 서초대로58길 13,서울특별시 서초구 서초1동 1676-4,37.4942365,127.0180252,2009,한전주,02-2155-6996,서초구청,2019-06-05
"서초1동",1,서울특별시 서초구 서초중앙로22길 77,서울특별시 서초구 서초1동 1676-6,37.4940573,127.0181576,2009,한전주,02-2155-6996,서초구청,2019-06-05
"서초1동",1,서울특별시 서초구 서초대로58길 17,서울특별시 서초구 서초1동 1676-5,37.4940209,127.0180009,2009,전용주,02-2155-6996,서초구청,2019-06-05
"서초1동",1,서울특별시 서초구 서초중앙로22길 62,서울특별시 서초구 서초1동 1667-1,37.4935613,127.0174494,2009,한전주,02-2155-6996,서초구청,2019-06-05
"서초1동",1,서울특별시 서초구 서초대로58길 26,서울특별시 서초구 서초1동 1667-2,37.4936154,127.0176749,2009,한전주,02-2155-6996,서초구청,2019-06-05
"서초1동",1,서울특별시 서초구 서초대로58길 30,서울특별시 서초구 서초1동 1676-4,37.4934171,127.0177725,2009,한전주,02-2155-6996,서초구청,2019-06-05
"서초1동",1,서울특별시 서초구 서초대로58길 34,서울특별시 서초구 서초1동 1667-8,37.4931858,127.0179157,2009,한전주,02-2155-6996,서초구청,2019-06-05
"서초1동",1,서울특별시 서초구 서초대로56길 31,서울특별시 서초구 서초1동 1667-5,37.4932049,127.0176124,2009,한전주,02-2155-6996,서초구청,2019-06-05
"서초1동",1,서울특별시 서초구 서초중앙로22길 78,서울특별시 서초구 서초1동 1668-1,37.4937541,127.0180949,2009,전용주,02-2155-6996,서초구청,2019-06-05
"서초1동",1,서울특별시 서초구 서초중앙로22길 80,서울특별시 서초구 서초1동 1668-20,37.4938135,127.0183078,2009,한전주,02-2155-6996,서초구청,2019-06-05
"서초1동",1,서울특별시 서초구 서초중앙로22길 80,서울특별시 서초구 서초1동 1668-20,37.4938135,127.0183078,2009,한전주,02-2155-6996,서초구청,2019-06-05
"서초1동",1,서울특별시 서초구 서초중앙로22길 80,서울특별시 서초구 서초1동 1668-20,37.4938135,127.0183078,2009,한전주,02-2155-6996,서초구청,2019-06-05
"서초1동",1,서울특별시 서초구 서초대로58길 35-5,서울특별시 서초구 서초1동 1668-8,37.4933804,127.0182309,2009,한전주,02-2155-6996,서초구청,2019-06-05
"서초1동",1,서울특별시 서초구 서초대로60길 34,서울특별시 서초구 서초1동 1668-11,37.4934768,127.018673,2009,한전주,02-2155-6996,서초구청,2019-06-05
"서초1동",1,서울특별시 서초구 사임당로17길 113,서울특별시 서초구 서초1동 1668-12,37.4933246,127.0187824,2009,한전주,02-2155-6996,서초구청,2019-06-05
"서초1동",1,서울특별시 서초구 사임당로17길 113,서울특별시 서초구 서초1동 1668-12,37.4933246,127.0187824,2009,한전주,02-2155-6996,서초구청,2019-06-05
"서초1동",1,서울특별시 서초구 서초대로58길 35-5,서울특별시 서초구 서초1동 1668-8,37.4933804,127.0182309,2009,한전주,02-2155-6996,서초구청,2019-06-05
"서초1동",1,서울특별시 서초구 사임당로17길 101,서울특별시 서초구 서초1동 1668-21,37.4930415,127.0183292,2009,전용주,02-2155-6996,서초구청,2019-06-05
"서초1동",1,서울특별시 서초구 서초중앙로22길 62,서울특별시 서초구 서초1동 1667-1,37.4935613,127.0174494,2009,한전주,02-2155-6996,서초구청,2019-06-05
"서초1동",1,서울특별시 서초구 서초대로56길 35,서울특별시 서초구 서초1동 1667-6,37.4930414,127.0176722,2009,전용주,02-2155-6996,서초구청,2019-06-05
"서초1동",1,서울특별시 서초구 서초대로 344,서울특별시 서초구 서초1동 1677-14,37.4949604,127.0190539,2009,전용주,02-2155-6996,서초구청,2019-06-05
"서초1동",1,서울특별시 서초구 서초대로60길 8,서울특별시 서초구 서초1동 1676-3,,,2009,전용주,02-2155-6996,서초구청,2019-06-05
"서초1동",1,서울특별시 서초구 서초대로60길 9-6,서울특별시 서초구 서초1동 1639-6,37.4943728,127.0184973,2009,한전주,02-2155-6996,서초구청,2019-06-05
"서초1동",1,서울특별시 서초구 서초대로60길 9-26,서울특별시 서초구 서초1동 1639-12,37.4944987,127.0188971,2009,한전주,02-2155-6996,서초구청,2019-06-05
"서초1동",1,서울특별시 서초구 서초대로60길 25,서울특별시 서초구 서초1동 1640-1,37.4938922,127.0185658,2009,한전주,02-2155-6996,서초구청,2019-06-05
"서초1동",1,서울특별시 서초구 서초중앙로22길 90,서울특별시 서초구 서초1동 1640-13,37.4940303,127.0188014,2009,한전주,02-2155-6996,서초구청,2019-06-05
"서초1동",1,서울특별시 서초구 서초중앙로22길 102,서울특별시 서초구 서초1동 1640-19,37.4942275,127.0194389,2009,한전주,02-2155-6996,서초구청,2019-06-05
"서초1동",1,서울특별시 서초구 서초대로62길 24,서울특별시 서초구 서초1동 1640-20,37.4941418,127.0195339,2009,전용주,02-2155-6996,서초구청,2019-06-05
"서초1동",1,서울특별시 서초구 서초대로62길 30,서울특별시 서초구 서초1동 1640-27,37.4938434,127.0197368,2009,전용주,02-2155-6996,서초구청,2019-06-05
"서초1동",1,서울특별시 서초구 서초대로62길 26,서울특별시 서초구 서초1동 1640-24,37.4939414,127.0194992,2009,한전주,02-2155-6996,서초구청,2019-06-05
"서초1동",1,서울특별시 서초구 서초중앙로22길 98,서울특별시 서초구 서초1동 1640-18,37.4941603,127.0192702,2009,전용주,02-2155-6996,서초구청,2019-06-05
"서초1동",1,서울특별시 서초구 서초대로62길 26,서울특별시 서초구 서초1동 1640-24,37.4939414,127.0194992,2009,전용주,02-2155-6996,서초구청,2019-06-05
"서초1동",1,서울특별시 서초구 서초대로62길 9-16,서울특별시 서초구 서초1동 1638-2,,,2009,한전주,02-2155-6996,서초구청,2019-06-05
"서초1동",1,서울특별시 서초구 서초대로62길 9-22,서울특별시 서초구 서초1동 1638-3,37.4948654,127.0205219,2009,전용주,02-2155-6996,서초구청,2019-06-05
"서초1동",1,서울특별시 서초구 서초중앙로22길 122,서울특별시 서초구 서초1동 1637-5,37.4944681,127.0204264,2009,한전주,02-2155-6996,서초구청,2019-06-05
"서초1동",1,서울특별시 서초구 서초대로64길 26,서울특별시 서초구 서초1동 1637-7,37.4943614,127.0207071,2009,한전주,02-2155-6996,서초구청,2019-06-05
"서초1동",1,서울특별시 서초구 서초대로64길 26,서울특별시 서초구 서초1동 1637-7,37.4943614,127.0207071,2009,전용주,02-2155-6996,서초구청,2019-06-05
"서초1동",1,서울특별시 서초구 서초중앙로22길 114,서울특별시 서초구 서초1동 1637-1,37.4943807,127.0200906,2009,한전주,02-2155-6996,서초구청,2019-06-05
"서초1동",1,서울특별시 서초구,서울특별시 서초구 서초1동 1636-6,,,2009,전용주,02-2155-6996,서초구청,2019-06-05
"서초1동",1,서울특별시 서초구 서초대로64길 31,서울특별시 서초구 서초1동 1636-5,37.4943827,127.0210959,2009,한전주,02-2155-6996,서초구청,2019-06-05
"서초1동",1,서울특별시 서초구 서초대로64길 31,서울특별시 서초구 서초1동 1636-5,37.4943827,127.0210959,2009,한전주,02-2155-6996,서초구청,2019-06-05
"서초1동",1,서울특별시 서초구 서초대로64길 31,서울특별시 서초구 서초1동 1636-7,37.4943827,127.0210959,2009,한전주,02-2155-6996,서초구청,2019-06-05
"서초1동",1,서울특별시 서초구 서초대로64길 31,서울특별시 서초구 서초1동 1636-4,37.4943827,127.0210959,2009,한전주,02-2155-6996,서초구청,2019-06-05
"서초1동",1,서울특별시 서초구 서초대로64길 13,서울특별시 서초구 서초1동 1679-6,37.494929,127.020918,2009,한전주,02-2155-6996,서초구청,2019-06-05
"서초1동",1,서울특별시 서초구 서초대로64길 9,서울특별시 서초구 서초1동 1679-5,37.4951945,127.0207664,2009,한전주,02-2155-6996,서초구청,2019-06-05
"서초1동",1,서울특별시 서초구 서초대로 360,서울특별시 서초구 서초1동 1679-4,37.4954489,127.0206963,2009,한전주,02-2155-6996,서초구청,2019-06-05
"서초1동",1,서울특별시 서초구 서초대로62길 9-16,서울특별시 서초구 서초1동 1638-2,,,2009,한전주,02-2155-6996,서초구청,2019-06-05
"서초1동",1,서울특별시 서초구 서초대로62길 13,서울특별시 서초구 서초1동 1638-1,37.4947323,127.0195816,2009,전용주,02-2155-6996,서초구청,2019-06-05
"서초1동",1,서울특별시 서초구 서초대로62길 9-22,서울특별시 서초구 서초1동 1638-3,37.4948654,127.0205219,2009,한전주,02-2155-6996,서초구청,2019-06-05
"서초1동",1,서울특별시 서초구,서울특별시 서초구 서초1동 1636-1,,,2009,한전주,02-2155-6996,서초구청,2019-06-05
"서초1동",1,서울특별시 서초구 서초대로64길 36,서울특별시 서초구 서초1동 1641-3,37.4938184,127.0208511,2009,전용주,02-2155-6996,서초구청,2019-06-05
"서초1동",1,서울특별시 서초구 서초대로64길 31,서울특별시 서초구 서초1동 1636-6,37.4943827,127.0210959,2009,한전주,02-2155-6996,서초구청,2019-06-05
"서초1동",1,서울특별시 서초구 서초대로64길 36,서울특별시 서초구 서초1동 1641-13,37.4938184,127.0208511,2009,전용주,02-2155-6996,서초구청,2019-06-05
"서초1동",1,서울특별시 서초구,서울특별시 서초구 서초1동 1636-6,,,2009,전용주,02-2155-6996,서초구청,2019-06-05
"서초1동",1,서울특별시 서초구,서울특별시 서초구 서초1동 1421-8,,,2009,전용주,02-2155-6996,서초구청,2019-06-05
"서초1동",1,서울특별시 서초구,서울특별시 서초구 서초1동 1421-8,,,2009,전용주,02-2155-6996,서초구청,2019-06-05
"서초1동",1,서울특별시 서초구,서울특별시 서초구 서초1동 1421-8,,,2009,전용주,02-2155-6996,서초구청,2019-06-05
"서초1동",1,서울특별시 서초구,서울특별시 서초구 서초1동 1420-10,,,2009,전용주,02-2155-6996,서초구청,2019-06-05
"서초1동",1,서울특별시 서초구,서울특별시 서초구 서초1동 1420-10,,,2009,전용주,02-2155-6996,서초구청,2019-06-05
"서초1동",1,서울특별시 서초구,서울특별시 서초구 서초1동 1420-10,,,2009,전용주,02-2155-6996,서초구청,2019-06-05
"서초1동",1,서울특별시 서초구,서울특별시 서초구 서초1동 1420-10,,,2009,전용주,02-2155-6996,서초구청,2019-06-05
"서초1동",1,서울특별시 서초구,서울특별시 서초구 서초1동 1420-10,,,2009,전용주,02-2155-6996,서초구청,2019-06-05
"서초1동",1,서울특별시 서초구,서울특별시 서초구 서초1동 1420-10,,,2009,전용주,02-2155-6996,서초구청,2019-06-05
"서초1동",1,서울특별시 서초구,서울특별시 서초구 서초1동 1420-10,,,2009,전용주,02-2155-6996,서초구청,2019-06-05
"서초1동",1,서울특별시 서초구 효령로60길 13,서울특별시 서초구 서초1동 1445-2,37.4848996,127.0187592,2009,한전주,02-2155-6996,서초구청,2019-06-05
"서초1동",1,서울특별시 서초구 효령로68길 59,서울특별시 서초구 서초1동 1441-2,37.4852798,127.0218015,2009,전용주,02-2155-6996,서초구청,2019-06-05
"서초1동",1,서울특별시 서초구 효령로68길 59,서울특별시 서초구 서초1동 1441-2,37.4852798,127.0218015,2009,전용주,02-2155-6996,서초구청,2019-06-05
"서초1동",1,서울특별시 서초구,서울특별시 서초구 서초1동 1436,,,2009,한전주,02-2155-6996,서초구청,2019-06-05
"서초1동",1,서울특별시 서초구,서울특별시 서초구 서초1동 1436-1,,,2009,전용주,02-2155-6996,서초구청,2019-06-05
"서초1동",1,서울특별시 서초구,서울특별시 서초구 서초1동 1436-1,,,2009,한전주,02-2155-6996,서초구청,2019-06-05
"서초1동",1,서울특별시 서초구,서울특별시 서초구 서초1동 1436-1,,,2009,한전주,02-2155-6996,서초구청,2019-06-05
"서초1동",1,서울특별시 서초구 서리풀길 8,서울특별시 서초구 서초1동 1617-41,37.4871455,127.0209958,2009,한전주,02-2155-6996,서초구청,2019-06-05
"서초1동",1,서울특별시 서초구,서울특별시 서초구 서초1동 1603-1,,,2009,한전주,02-2155-6996,서초구청,2019-06-05
"서초1동",1,서울특별시 서초구,서울특별시 서초구 서초1동 1611-3,,,2009,전용주,02-2155-6996,서초구청,2019-06-05
"서초1동",1,서울특별시 서초구 서초대로64길 83,서울특별시 서초구 서초1동 1646,37.4920198,127.0220348,2009,한전주,02-2155-6996,서초구청,2019-06-05
"서초1동",1,서울특별시 서초구 서초대로64길 47,서울특별시 서초구 서초1동 1635-9,37.4935925,127.0214262,2009,전용주,02-2155-6996,서초구청,2019-06-05
"서초4동",1,서울특별시 서초구 서초중앙로26길 10,서울특별시 서초구 서초4동 1695-1,37.4954919,127.0143854,2009,한전주,02-2155-6996,서초구청,2019-06-05
"서초4동",1,서울특별시 서초구 서초대로53길 15,서울특별시 서초구 서초4동 1695-3,37.4954949,127.0146297,2009,한전주,02-2155-6996,서초구청,2019-06-05
"서초4동",1,서울특별시 서초구 서초대로51길 14,서울특별시 서초구 서초4동 1695-55,37.4950564,127.0144556,2009,한전주,02-2155-6996,서초구청,2019-06-05
"서초4동",1,서울특별시 서초구 서초대로53길 16,서울특별시 서초구 서초4동 1696-1,37.4955551,127.0149308,2009,한전주,02-2155-6996,서초구청,2019-06-05
"서초4동",1,서울특별시 서초구 서초중앙로26길 16,서울특별시 서초구 서초4동 1696-2,37.4956081,127.0151292,2009,한전주,02-2155-6996,서초구청,2019-06-05
"서초4동",1,서울특별시 서초구 서초중앙로26길 18,서울특별시 서초구 서초4동 1696-3,37.495708,127.0153359,2009,한전주,02-2155-6996,서초구청,2019-06-05
"서초4동",1,서울특별시 서초구 서초대로55길 9,서울특별시 서초구 서초4동 1696-9,37.4955577,127.0154607,2009,한전주,02-2155-6996,서초구청,2019-06-05
"서초4동",1,서울특별시 서초구 서초대로55길 3,서울특별시 서초구 서초4동 1696-13,37.4951777,127.0156007,2009,한전주,02-2155-6996,서초구청,2019-06-05
"서초4동",1,서울특별시 서초구 서초대로53길 10,서울특별시 서초구 서초4동 1696-11,37.4951902,127.0152658,2009,한전주,02-2155-6996,서초구청,2019-06-05
"서초4동",1,서울특별시 서초구 서초대로53길 14,서울특별시 서초구 서초4동 1696-6,37.4954603,127.0151243,2009,한전주,02-2155-6996,서초구청,2019-06-05
"서초4동",1,서울특별시 서초구 서초대로55길 23,서울특별시 서초구 서초4동 1697-34,37.4967107,127.0148772,2009,한전주,02-2155-6996,서초구청,2019-06-05
"서초4동",1,서울특별시 서초구 서초대로55길 19,서울특별시 서초구 서초4동 1697-37,37.4963363,127.0150461,2009,전용주,02-2155-6996,서초구청,2019-06-05
"서초4동",1,서울특별시 서초구 서초대로55길 17,서울특별시 서초구 서초4동 1697-42,37.4961548,127.0151039,2009,한전주,02-2155-6996,서초구청,2019-06-05
"서초4동",1,서울특별시 서초구 서초중앙로26길 17,서울특별시 서초구 서초4동 1697-16,37.4958552,127.0151519,2009,한전주,02-2155-6996,서초구청,2019-06-05
"서초4동",1,서울특별시 서초구,서울특별시 서초구 서초4동 1697-15,,,2009,한전주,02-2155-6996,서초구청,2019-06-05
"서초4동",1,서울특별시 서초구 서초대로53길 20-4,서울특별시 서초구 서초4동 1697-14,37.4959625,127.0147389,2009,한전주,02-2155-6996,서초구청,2019-06-05
"서초4동",1,서울특별시 서초구 서초대로53길 20-6,서울특별시 서초구 서초4동 1697-31,37.4959671,127.0149571,2009,전용주,02-2155-6996,서초구청,2019-06-05
"서초4동",1,서울특별시 서초구 서초대로53길 20-6,서울특별시 서초구 서초4동 1697-13,37.4959671,127.0149571,2009,한전주,02-2155-6996,서초구청,2019-06-05
"서초4동",1,서울특별시 서초구 서초대로55길 21,서울특별시 서초구 서초4동 1697-39,37.4965437,127.0149563,2009,전용주,02-2155-6996,서초구청,2019-06-05
"서초4동",1,서울특별시 서초구 서초대로53길 20-24,서울특별시 서초구 서초4동 1697-5,37.4966608,127.0145126,2009,전용주,02-2155-6996,서초구청,2019-06-05
"서초4동",1,서울특별시 서초구 서초대로53길 22,서울특별시 서초구 서초4동 1697-8,37.4961491,127.0146392,2009,한전주,02-2155-6996,서초구청,2019-06-05
"서초4동",1,서울특별시 서초구 서초대로51길 28,서울특별시 서초구 서초4동 1698-4,37.496408,127.0140228,2009,한전주,02-2155-6996,서초구청,2019-06-05
"서초4동",1,서울특별시 서초구 서초대로51길 22,서울특별시 서초구 서초4동 1698-9,37.4959443,127.0141748,2009,한전주,02-2155-6996,서초구청,2019-06-05
"서초4동",1,서울특별시 서초구,서울특별시 서초구 서초4동 1698-5,,,2009,한전주,02-2155-6996,서초구청,2019-06-05
"서초4동",1,서울특별시 서초구 서초대로51길 30,서울특별시 서초구 서초4동 1698-3,37.4965096,127.013896,2009,한전주,02-2155-6996,서초구청,2019-06-05
"서초4동",1,서울특별시 서초구,서울특별시 서초구 서초4동 1685-8,,,2009,전용주,02-2155-6996,서초구청,2019-06-05
"서초4동",1,서울특별시 서초구,서울특별시 서초구 서초4동 1685-8,,,2009,전용주,02-2155-6996,서초구청,2019-06-05
"서초4동",1,서울특별시 서초구,서울특별시 서초구 서초4동 1685-8,,,2009,전용주,02-2155-6996,서초구청,2019-06-05
"서초4동",1,서울특별시 서초구,서울특별시 서초구 서초4동 1685-7,,,2009,전용주,02-2155-6996,서초구청,2019-06-05
"서초4동",1,서울특별시 서초구 서초중앙로24길 27,서울특별시 서초구 서초4동 1685-8,37.4954141,127.0164028,2009,전용주,02-2155-6996,서초구청,2019-06-05
"서초4동",1,서울특별시 서초구 서초중앙로24길 27,서울특별시 서초구 서초4동 1685-8,37.4954141,127.0164028,2009,전용주,02-2155-6996,서초구청,2019-06-05
"서초4동",1,서울특별시 서초구 서초중앙로24길 27,서울특별시 서초구 서초4동 1685-8,37.4954141,127.0164028,2009,전용주,02-2155-6996,서초구청,2019-06-05
"서초4동",1,서울특별시 서초구 서초중앙로24길 27,서울특별시 서초구 서초4동 1685-8,37.4954141,127.0164028,2009,전용주,02-2155-6996,서초구청,2019-06-05
"서초4동",1,서울특별시 서초구 서초중앙로24길 27,서울특별시 서초구 서초4동 1685-8,37.4954141,127.0164028,2009,전용주,02-2155-6996,서초구청,2019-06-05
"서초4동",1,서울특별시 서초구 서초대로53길 20-17,서울특별시 서초구 서초4동 1697-9,37.4963031,127.0147355,2009,한전주,02-2155-6996,서초구청,2019-06-05
"서초4동",1,서울특별시 서초구 서초중앙로28길 16,서울특별시 서초구 서초4동 1697-11,37.4968516,127.0148086,2009,전용주,02-2155-6996,서초구청,2019-06-05
"서초4동",1,서울특별시 서초구 서초중앙로28길 16,서울특별시 서초구 서초4동 1697-11,37.4968516,127.0148086,2009,전용주,02-2155-6996,서초구청,2019-06-05
"서초4동",1,서울특별시 서초구 서초중앙로28길 10,서울특별시 서초구 서초4동 1697-1,37.4967419,127.0143045,2009,전용주,02-2155-6996,서초구청,2019-06-05
"서초4동",1,서울특별시 서초구,서울특별시 서초구 서초4동 1686-4,,,2009,전용주,02-2155-6996,서초구청,2019-06-05
"서초4동",1,서울특별시 서초구,서울특별시 서초구 서초4동 1686-6,,,2009,전용주,02-2155-6996,서초구청,2019-06-05
"서초4동",1,서울특별시 서초구,서울특별시 서초구 서초4동 1686-4,,,2009,전용주,02-2155-6996,서초구청,2019-06-05
"서초4동",1,서울특별시 서초구,서울특별시 서초구 서초4동 1686-4,,,2009,전용주,02-2155-6996,서초구청,2019-06-05
"서초4동",1,서울특별시 서초구,서울특별시 서초구 서초4동 1686-4,,,2009,전용주,02-2155-6996,서초구청,2019-06-05
"서초4동",1,서울특별시 서초구,서울특별시 서초구 서초4동 1686-4,,,2009,한전주,02-2155-6996,서초구청,2019-06-05
"서초4동",1,서울특별시 서초구,서울특별시 서초구 서초4동 1681,,,2009,전용주,02-2155-6996,서초구청,2019-06-05
"서초4동",1,서울특별시 서초구 서초중앙로24길 41,서울특별시 서초구 서초4동 1687-1,37.4955697,127.0177748,2009,전용주,02-2155-6996,서초구청,2019-06-05
"서초4동",1,서울특별시 서초구 서초중앙로24길 41,서울특별시 서초구 서초4동 1687-1,37.4955697,127.0177748,2009,전용주,02-2155-6996,서초구청,2019-06-05
"서초4동",1,서울특별시 서초구 서초중앙로24길 19,서울특별시 서초구 서초4동 1696-14,37.4950134,127.0156719,2009,전용주,02-2155-6996,서초구청,2019-06-05
"서초4동",1,서울특별시 서초구 서초중앙로24길 19,서울특별시 서초구 서초4동 1696-14,37.4950134,127.0156719,2009,전용주,02-2155-6996,서초구청,2019-06-05
"서초4동",1,서울특별시 서초구 서초중앙로24길 17,서울특별시 서초구 서초4동 1696-15,37.4949652,127.0154000,2009,전용주,02-2155-6996,서초구청,2019-06-05
"서초4동",1,서울특별시 서초구 서초중앙로24길 15,서울특별시 서초구 서초4동 1695-12,37.4948916,127.0151148,2009,전용주,02-2155-6996,서초구청,2019-06-05
"서초4동",1,서울특별시 서초구 서초중앙로24길 11,서울특별시 서초구 서초4동 1695-13,37.4948871,127.014891,2009,전용주,02-2155-6996,서초구청,2019-06-05
"서초4동",1,서울특별시 서초구,서울특별시 서초구 서초4동 1695-16,,,2009,전용주,02-2155-6996,서초구청,2019-06-05
"서초4동",1,서울특별시 서초구 서초중앙로24길 9,서울특별시 서초구 서초4동 1695-19,37.4948007,127.0146919,2009,전용주,02-2155-6996,서초구청,2019-06-05
"서초4동",1,서울특별시 서초구,서울특별시 서초구 서초4동 1695-21,,,2009,전용주,02-2155-6996,서초구청,2019-06-05
"서초4동",1,서울특별시 서초구 서초중앙로24길 3,서울특별시 서초구 서초4동 1694-22,37.4946694,127.0139665,2009,전용주,02-2155-6996,서초구청,2019-06-05
"서초4동",1,서울특별시 서초구 서초중앙로 142,서울특별시 서초구 서초4동 1694-25,37.4945282,127.013784,2009,전용주,02-2155-6996,서초구청,2019-06-05
"서초4동",1,서울특별시 서초구,서울특별시 서초구 서초4동 1688-6,,,2009,전용주,02-2155-6996,서초구청,2019-06-05
"서초4동",1,서울특별시 서초구 서초대로 357,서울특별시 서초구 서초4동 1680-1,37.4961291,127.0204692,2009,전용주,02-2155-6996,서초구청,2019-06-05
"서초4동",1,서울특별시 서초구 서초대로 357,서울특별시 서초구 서초4동 1680-1,37.4961291,127.0204692,2009,전용주,02-2155-6996,서초구청,2019-06-05
"서초4동",1,서울특별시 서초구 서초대로 355,서울특별시 서초구 서초4동 1688-6,37.4959892,127.0201159,2009,전용주,02-2155-6996,서초구청,2019-06-05
"서초4동",1,서울특별시 서초구 서초대로 355,서울특별시 서초구 서초4동 1688-6,37.4959892,127.0201159,2009,전용주,02-2155-6996,서초구청,2019-06-05
"서초4동",1,서울특별시 서초구 서초대로 353,서울특별시 서초구 서초4동 1688-5,37.4958695,127.019906,2009,전용주,02-2155-6996,서초구청,2019-06-05
"서초4동",1,서울특별시 서초구 서초중앙로24길 43,서울특별시 서초구 서초4동 1687,37.4962524,127.0182815,2009,전용주,02-2155-6996,서초구청,2019-06-05
"서초4동",1,서울특별시 서초구 서초중앙로24길 43,서울특별시 서초구 서초4동 1687,37.4962524,127.0182815,2009,전용주,02-2155-6996,서초구청,2019-06-05
"서초4동",1,서울특별시 서초구 서초중앙로24길 43,서울특별시 서초구 서초4동 1687,37.4962524,127.0182815,2009,전용주,02-2155-6996,서초구청,2019-06-05
"서초4동",1,서울특별시 서초구 서초중앙로24길 55,서울특별시 서초구 서초4동 1687-2,37.4960797,127.0193966,2009,전용주,02-2155-6996,서초구청,2019-06-05
"서초4동",1,서울특별시 서초구 서초중앙로24길 55,서울특별시 서초구 서초4동 1687-2,37.4960797,127.0193966,2009,전용주,02-2155-6996,서초구청,2019-06-05
"서초4동",1,서울특별시 서초구,서울특별시 서초구 서초4동 1681-1,,,2009,전용주,02-2155-6996,서초구청,2019-06-05
"서초4동",1,서울특별시 서초구,서울특별시 서초구 서초4동 1681-1,,,2009,전용주,02-2155-6996,서초구청,2019-06-05
"서초4동",1,서울특별시 서초구,서울특별시 서초구 서초4동 1681-1,,,2009,전용주,02-2155-6996,서초구청,2019-06-05
"서초4동",1,서울특별시 서초구,서울특별시 서초구 서초4동 1681-1,,,2009,전용주,02-2155-6996,서초구청,2019-06-05
"서초4동",1,서울특별시 서초구,서울특별시 서초구 서초4동 1681-1,,,2009,전용주,02-2155-6996,서초구청,2019-06-05
"서초4동",1,서울특별시 서초구,서울특별시 서초구 서초4동 1681-1,,,2009,전용주,02-2155-6996,서초구청,2019-06-05
"서초4동",1,서울특별시 서초구,서울특별시 서초구 서초4동 1681-1,,,2009,전용주,02-2155-6996,서초구청,2019-06-05
"서초4동",1,서울특별시 서초구,서울특별시 서초구 서초4동 1681-1,,,2009,전용주,02-2155-6996,서초구청,2019-06-05
"서초4동",1,서울특별시 서초구,서울특별시 서초구 서초4동 1681-1,,,2009,전용주,02-2155-6996,서초구청,2019-06-05
"서초4동",1,서울특별시 서초구,서울특별시 서초구 서초4동 1681-1,,,2009,전용주,02-2155-6996,서초구청,2019-06-05
"서초4동",1,서울특별시 서초구 고무래로 90-6,서울특별시 서초구 서초4동 1685-1,37.500647,127.0165694,2009,전용주,02-2155-6996,서초구청,2019-06-05
"서초4동",1,서울특별시 서초구 고무래로 90-6,서울특별시 서초구 서초4동 1685-1,37.500647,127.0165694,2009,전용주,02-2155-6996,서초구청,2019-06-05
"서초4동",1,서울특별시 서초구 고무래로 90-6,서울특별시 서초구 서초4동 1685-1,37.500647,127.0165694,2009,전용주,02-2155-6996,서초구청,2019-06-05
"서초4동",1,서울특별시 서초구 고무래로 90-6,서울특별시 서초구 서초4동 1685-1,37.500647,127.0165694,2009,전용주,02-2155-6996,서초구청,2019-06-05
"서초4동",1,서울특별시 서초구 고무래로 90-6,서울특별시 서초구 서초4동 1685-1,37.500647,127.0165694,2009,전용주,02-2155-6996,서초구청,2019-06-05
"서초4동",1,서울특별시 서초구 고무래로 90-6,서울특별시 서초구 서초4동 1685,37.500647,127.0165694,2009,전용주,02-2155-6996,서초구청,2019-06-05
"서초4동",1,서울특별시 서초구 고무래로 90-6,서울특별시 서초구 서초4동 1685-1,37.500647,127.0165694,2009,전용주,02-2155-6996,서초구청,2019-06-05
"서초4동",1,서울특별시 서초구 고무래로 90-6,서울특별시 서초구 서초4동 1685-1,37.500647,127.0165694,2009,전용주,02-2155-6996,서초구청,2019-06-05
"서초4동",1,서울특별시 서초구 서초중앙로 188,서울특별시 서초구 서초4동 1685-3,37.4981551,127.0131528,2009,한전주,02-2155-6996,서초구청,2019-06-05
"서초1동",1,서울특별시 서초구,서울특별시 서초구 서초1동 산36,,,2009,전용주,02-2155-6996,서초구청,2019-06-05
"서초1동",1,서울특별시 서초구,서울특별시 서초구 서초1동 409-6,,,2009,전용주,02-2155-6996,서초구청,2019-06-05
"서초1동",1,서울특별시 서초구,서울특별시 서초구 서초1동 409-3,,,2009,전용주,02-2155-6996,서초구청,2019-06-05
"서초1동",1,서울특별시 서초구,서울특별시 서초구 서초1동 409-3,,,2009,전용주,02-2155-6996,서초구청,2019-06-05
"서초1동",1,서울특별시 서초구,서울특별시 서초구 서초1동 산36,,,2009,전용주,02-2155-6996,서초구청,2019-06-05
"서초1동",1,서울특별시 서초구,서울특별시 서초구 서초1동 산53-11,,,2009,전용주,02-2155-6996,서초구청,2019-06-05
"서초1동",1,서울특별시 서초구,서울특별시 서초구 서초1동 409-6,,,2009,전용주,02-2155-6996,서초구청,2019-06-05
"서초1동",1,서울특별시 서초구,서울특별시 서초구 서초1동 산36,,,2009,전용주,02-2155-6996,서초구청,2019-06-05
"서초1동",1,서울특별시 서초구,서울특별시 서초구 서초1동 산36,,,2009,전용주,02-2155-6996,서초구청,2019-06-05
"서초1동",1,서울특별시 서초구,서울특별시 서초구 서초1동 산36,,,2009,전용주,02-2155-6996,서초구청,2019-06-05
"서초1동",1,서울특별시 서초구,서울특별시 서초구 서초1동 산36,,,2009,전용주,02-2155-6996,서초구청,2019-06-05
"서초1동",1,서울특별시 서초구,서울특별시 서초구 서초1동 산36,,,2009,전용주,02-2155-6996,서초구청,2019-06-05
"서초1동",1,서울특별시 서초구,서울특별시 서초구 서초1동 산36,,,2009,전용주,02-2155-6996,서초구청,2019-06-05
"서초1동",1,서울특별시 서초구,서울특별시 서초구 서초1동 산36,,,2009,전용주,02-2155-6996,서초구청,2019-06-05
"서초1동",1,서울특별시 서초구,서울특별시 서초구 서초1동 산36,,,2009,전용주,02-2155-6996,서초구청,2019-06-05
"서초1동",1,서울특별시 서초구,서울특별시 서초구 서초1동 산36,,,2009,전용주,02-2155-6996,서초구청,2019-06-05
"서초1동",1,서울특별시 서초구,서울특별시 서초구 서초1동 산36,,,2009,전용주,02-2155-6996,서초구청,2019-06-05
"서초1동",1,서울특별시 서초구,서울특별시 서초구 서초1동 산36,,,2009,전용주,02-2155-6996,서초구청,2019-06-05
"서초1동",1,서울특별시 서초구,서울특별시 서초구 서초1동 산36,,,2009,전용주,02-2155-6996,서초구청,2019-06-05
"서초1동",1,서울특별시 서초구,서울특별시 서초구 서초1동 산36,,,2009,전용주,02-2155-6996,서초구청,2019-06-05
"서초1동",1,서울특별시 서초구,서울특별시 서초구 서초1동 산36,,,2009,전용주,02-2155-6996,서초구청,2019-06-05
"서초1동",1,서울특별시 서초구,서울특별시 서초구 서초1동 산36,,,2009,전용주,02-2155-6996,서초구청,2019-06-05
"서초1동",1,서울특별시 서초구,서울특별시 서초구 서초1동 산36,,,2009,전용주,02-2155-6996,서초구청,2019-06-05
"서초1동",1,서울특별시 서초구,서울특별시 서초구 서초1동 산36,,,2009,전용주,02-2155-6996,서초구청,2019-06-05
"서초1동",1,서울특별시 서초구,서울특별시 서초구 서초1동 산36,,,2009,전용주,02-2155-6996,서초구청,2019-06-05
"서초1동",1,서울특별시 서초구,서울특별시 서초구 서초1동 산36,,,2009,전용주,02-2155-6996,서초구청,2019-06-05
"서초1동",1,서울특별시 서초구,서울특별시 서초구 서초1동 산53-10,,,2009,전용주,02-2155-6996,서초구청,2019-06-05
"서초1동",1,서울특별시 서초구,서울특별시 서초구 서초1동 산53-10,,,2009,전용주,02-2155-6996,서초구청,2019-06-05
"서초1동",1,서울특별시 서초구,서울특별시 서초구 서초1동 산36,,,2009,전용주,02-2155-6996,서초구청,2019-06-05
"서초1동",1,서울특별시 서초구,서울특별시 서초구 서초1동 산36,,,2009,전용주,02-2155-6996,서초구청,2019-06-05
"서초1동",1,서울특별시 서초구,서울특별시 서초구 서초1동 산53-13,,,2009,전용주,02-2155-6996,서초구청,2019-06-05
"서초1동",1,서울특별시 서초구,서울특별시 서초구 서초1동 산36,,,2009,전용주,02-2155-6996,서초구청,2019-06-05
"서초1동",1,서울특별시 서초구,서울특별시 서초구 서초1동 산36,,,2009,전용주,02-2155-6996,서초구청,2019-06-05
"서초1동",2,서울특별시 서초구,서울특별시 서초구 서초1동 산36,,,2009,전용주,02-2155-6996,서초구청,2019-06-05
"서초1동",1,서울특별시 서초구 남부순환로339길 38,서울특별시 서초구 서초1동 1436-8,37.4851056,127.0222041,2009,전용주,02-2155-6996,서초구청,2019-06-05
"서초1동",1,서울특별시 서초구 남부순환로339길 38,서울특별시 서초구 서초1동 1436-8,37.4851056,127.0222041,2009,전용주,02-2155-6996,서초구청,2019-06-05
"서초1동",1,서울특별시 서초구 남부순환로339길 38,서울특별시 서초구 서초1동 1436-8,37.4851056,127.0222041,2009,전용주,02-2155-6996,서초구청,2019-06-05
"서초1동",1,서울특별시 서초구 남부순환로339길 38,서울특별시 서초구 서초1동 1436-8,37.4851056,127.0222041,2009,전용주,02-2155-6996,서초구청,2019-06-05
"서초1동",1,서울특별시 서초구 남부순환로339길 38,서울특별시 서초구 서초1동 1436-8,37.4851056,127.0222041,2009,전용주,02-2155-6996,서초구청,2019-06-05
"서초1동",1,서울특별시 서초구 남부순환로339길 38,서울특별시 서초구 서초1동 1436-8,37.4851056,127.0222041,2009,전용주,02-2155-6996,서초구청,2019-06-05
"서초1동",1,서울특별시 서초구 남부순환로339길 38,서울특별시 서초구 서초1동 1436-8,37.4851056,127.0222041,2009,전용주,02-2155-6996,서초구청,2019-06-05
"서초1동",1,서울특별시 서초구 남부순환로339길 38,서울특별시 서초구 서초1동 1436-8,37.4851056,127.0222041,2009,전용주,02-2155-6996,서초구청,2019-06-05
"서초1동",1,서울특별시 서초구 남부순환로339길 38,서울특별시 서초구 서초1동 1436-8,37.4851056,127.0222041,2009,전용주,02-2155-6996,서초구청,2019-06-05
"서초4동",1,서울특별시 서초구,서울특별시 서초구 서초4동 1680-6,,,2009,전용주,02-2155-6996,서초구청,2019-06-05
"서초4동",1,서울특별시 서초구,서울특별시 서초구 서초4동 1680-6,,,2009,전용주,02-2155-6996,서초구청,2019-06-05
"서초4동",1,서울특별시 서초구,서울특별시 서초구 서초4동 1680-5,,,2009,전용주,02-2155-6996,서초구청,2019-06-05
"서초4동",1,서울특별시 서초구 서초중앙로24길 18,서울특별시 서초구 서초4동 1691-1,37.4947083,127.0155029,2009,한전주,02-2155-6996,서초구청,2019-06-05
"서초4동",1,서울특별시 서초구 서초대로 311,서울특별시 서초구 서초4동 1691-3,37.4945003,127.0156243,2009,한전주,02-2155-6996,서초구청,2019-06-05
"서초4동",1,서울특별시 서초구 서초중앙로26길 8,서울특별시 서초구 서초4동 1694-34,37.4954172,127.0140653,2009,전용주,02-2155-6996,서초구청,2019-06-05
"서초4동",1,서울특별시 서초구 고무래로 94,서울특별시 서초구 서초4동 1685,37.500292,127.0182954,2009,한전주,02-2155-6996,서초구청,2019-06-05
"서초4동",1,서울특별시 서초구 고무래로 94,서울특별시 서초구 서초4동 1683-1,37.500292,127.0182954,2009,한전주,02-2155-6996,서초구청,2019-06-05
"서초4동",1,서울특별시 서초구 고무래로 94,서울특별시 서초구 서초4동 1683,37.500292,127.0182954,2009,한전주,02-2155-6996,서초구청,2019-06-05
